INFO:     Will watch for changes in these directories: ['C:\\Users\\anilk\\Desktop\\AI Road\\backend']
INFO:     Uvicorn running on http://0.0.0.0:8000 (Press CTRL+C to quit)
INFO:     Started reloader process [2392] using WatchFiles
C:\Users\anilk\Desktop\AI Road\.venv\Lib\site-packages\pydantic\_internal\_config.py:386: UserWarning: Valid config keys have changed in V2:
* 'orm_mode' has been renamed to 'from_attributes'
  warnings.warn(message, UserWarning)
INFO:     Started server process [6048]
INFO:     Waiting for application startup.
INFO:     Application startup complete.
ERROR:    Exception in ASGI application
Traceback (most recent call last):
  File "C:\Users\anilk\Desktop\AI Road\.venv\Lib\site-packages\sqlalchemy\engine\base.py", line 1969, in _exec_single_context
    self.dialect.do_execute(
    ~~~~~~~~~~~~~~~~~~~~~~~^
        cursor, str_statement, effective_parameters, context
        ^^^^^^^^^^^^^^^^^^^^^^^^^^^^^^^^^^^^^^^^^^^^^^^^^^^^
    )
    ^
  File "C:\Users\anilk\Desktop\AI Road\.venv\Lib\site-packages\sqlalchemy\engine\default.py", line 952, in do_execute
    cursor.execute(statement, parameters)
    ~~~~~~~~~~~~~~^^^^^^^^^^^^^^^^^^^^^^^
sqlite3.OperationalError: no such column: reports.road_name

The above exception was the direct cause of the following exception:

Traceback (most recent call last):
  File "C:\Users\anilk\Desktop\AI Road\.venv\Lib\site-packages\uvicorn\protocols\http\httptools_impl.py", line 422, in run_asgi
    result = await app(  # type: ignore[func-returns-value]
             ^^^^^^^^^^^^^^^^^^^^^^^^^^^^^^^^^^^^^^^^^^^^^^
        self.scope, self.receive, self.send
        ^^^^^^^^^^^^^^^^^^^^^^^^^^^^^^^^^^^
    )
    ^
  File "C:\Users\anilk\Desktop\AI Road\.venv\Lib\site-packages\uvicorn\middleware\proxy_headers.py", line 63, in __call__
    return await self.app(scope, receive, send)
           ^^^^^^^^^^^^^^^^^^^^^^^^^^^^^^^^^^^^
  File "C:\Users\anilk\Desktop\AI Road\.venv\Lib\site-packages\fastapi\applications.py", line 1163, in __call__
    await super().__call__(scope, receive, send)
  File "C:\Users\anilk\Desktop\AI Road\.venv\Lib\site-packages\starlette\applications.py", line 96, in __call__
    await self.middleware_stack(scope, receive, send)
  File "C:\Users\anilk\Desktop\AI Road\.venv\Lib\site-packages\starlette\middleware\errors.py", line 186, in __call__
    raise exc
  File "C:\Users\anilk\Desktop\AI Road\.venv\Lib\site-packages\starlette\middleware\errors.py", line 164, in __call__
    await self.app(scope, receive, _send)
  File "C:\Users\anilk\Desktop\AI Road\.venv\Lib\site-packages\starlette\middleware\cors.py", line 96, in __call__
    await self.simple_response(scope, receive, send, request_headers=headers)
  File "C:\Users\anilk\Desktop\AI Road\.venv\Lib\site-packages\starlette\middleware\cors.py", line 154, in simple_response
    await self.app(scope, receive, send)
  File "C:\Users\anilk\Desktop\AI Road\.venv\Lib\site-packages\starlette\middleware\exceptions.py", line 63, in __call__
    await wrap_app_handling_exceptions(self.app, conn)(scope, receive, send)
  File "C:\Users\anilk\Desktop\AI Road\.venv\Lib\site-packages\starlette\_exception_handler.py", line 53, in wrapped_app
    raise exc
  File "C:\Users\anilk\Desktop\AI Road\.venv\Lib\site-packages\starlette\_exception_handler.py", line 42, in wrapped_app
    await app(scope, receive, sender)
  File "C:\Users\anilk\Desktop\AI Road\.venv\Lib\site-packages\fastapi\middleware\asyncexitstack.py", line 18, in __call__
    await self.app(scope, receive, send)
  File "C:\Users\anilk\Desktop\AI Road\.venv\Lib\site-packages\starlette\routing.py", line 670, in __call__
    await self.middleware_stack(scope, receive, send)
  File "C:\Users\anilk\Desktop\AI Road\.venv\Lib\site-packages\fastapi\routing.py", line 2734, in app
    await route.handle(scope, receive, send)
  File "C:\Users\anilk\Desktop\AI Road\.venv\Lib\site-packages\fastapi\routing.py", line 1780, in handle
    await self.original_router.handle(scope, receive, send)
  File "C:\Users\anilk\Desktop\AI Road\.venv\Lib\site-packages\fastapi\routing.py", line 2789, in handle
    await included_router._handle_selected(scope, receive, send)
  File "C:\Users\anilk\Desktop\AI Road\.venv\Lib\site-packages\fastapi\routing.py", line 1800, in _handle_selected
    await original_route.handle(scope, receive, send)
  File "C:\Users\anilk\Desktop\AI Road\.venv\Lib\site-packages\fastapi\routing.py", line 1279, in handle
    await app(scope, receive, send)
  File "C:\Users\anilk\Desktop\AI Road\.venv\Lib\site-packages\fastapi\routing.py", line 158, in app
    await wrap_app_handling_exceptions(app, request)(scope, receive, send)
  File "C:\Users\anilk\Desktop\AI Road\.venv\Lib\site-packages\starlette\_exception_handler.py", line 53, in wrapped_app
    raise exc
  File "C:\Users\anilk\Desktop\AI Road\.venv\Lib\site-packages\starlette\_exception_handler.py", line 42, in wrapped_app
    await app(scope, receive, sender)
  File "C:\Users\anilk\Desktop\AI Road\.venv\Lib\site-packages\fastapi\routing.py", line 144, in app
    response = await f(request)
               ^^^^^^^^^^^^^^^^
  File "C:\Users\anilk\Desktop\AI Road\.venv\Lib\site-packages\fastapi\routing.py", line 706, in app
    raw_response = await run_endpoint_function(
                   ^^^^^^^^^^^^^^^^^^^^^^^^^^^^
    ...<3 lines>...
    )
    ^
  File "C:\Users\anilk\Desktop\AI Road\.venv\Lib\site-packages\fastapi\routing.py", line 352, in run_endpoint_function
    return await dependant.call(**values)
           ^^^^^^^^^^^^^^^^^^^^^^^^^^^^^^
  File "C:\Users\anilk\Desktop\AI Road\backend\app\api\reports.py", line 393, in list_reports
    reports = crud.get_reports(db)
  File "C:\Users\anilk\Desktop\AI Road\backend\app\crud.py", line 136, in get_reports
    return db.query(models.Report).order_by(models.Report.created_at.desc()).all()
           ~~~~~~~~~~~~~~~~~~~~~~~~~~~~~~~~~~~~~~~~~~~~~~~~~~~~~~~~~~~~~~~~~~~~~^^
  File "C:\Users\anilk\Desktop\AI Road\.venv\Lib\site-packages\sqlalchemy\orm\query.py", line 2711, in all
    return self._iter().all()  # type: ignore
           ~~~~~~~~~~^^
  File "C:\Users\anilk\Desktop\AI Road\.venv\Lib\site-packages\sqlalchemy\orm\query.py", line 2864, in _iter
    result: Union[ScalarResult[_T], Result[_T]] = self.session.execute(
                                                  ~~~~~~~~~~~~~~~~~~~~^
        statement,
        ^^^^^^^^^^
        params,
        ^^^^^^^
        execution_options={"_sa_orm_load_options": self.load_options},
        ^^^^^^^^^^^^^^^^^^^^^^^^^^^^^^^^^^^^^^^^^^^^^^^^^^^^^^^^^^^^^^
    )
    ^
  File "C:\Users\anilk\Desktop\AI Road\.venv\Lib\site-packages\sqlalchemy\orm\session.py", line 2373, in execute
    return self._execute_internal(
           ~~~~~~~~~~~~~~~~~~~~~~^
        statement,
        ^^^^^^^^^^
    ...<4 lines>...
        _add_event=_add_event,
        ^^^^^^^^^^^^^^^^^^^^^^
    )
    ^
  File "C:\Users\anilk\Desktop\AI Road\.venv\Lib\site-packages\sqlalchemy\orm\session.py", line 2271, in _execute_internal
    result: Result[Any] = compile_state_cls.orm_execute_statement(
                          ~~~~~~~~~~~~~~~~~~~~~~~~~~~~~~~~~~~~~~~^
        self,
        ^^^^^
    ...<4 lines>...
        conn,
        ^^^^^
    )
    ^
  File "C:\Users\anilk\Desktop\AI Road\.venv\Lib\site-packages\sqlalchemy\orm\context.py", line 306, in orm_execute_statement
    result = conn.execute(
        statement, params or {}, execution_options=execution_options
    )
  File "C:\Users\anilk\Desktop\AI Road\.venv\Lib\site-packages\sqlalchemy\engine\base.py", line 1421, in execute
    return meth(
        self,
        distilled_parameters,
        execution_options or NO_OPTIONS,
    )
  File "C:\Users\anilk\Desktop\AI Road\.venv\Lib\site-packages\sqlalchemy\sql\elements.py", line 526, in _execute_on_connection
    return connection._execute_clauseelement(
           ~~~~~~~~~~~~~~~~~~~~~~~~~~~~~~~~~^
        self, distilled_params, execution_options
        ^^^^^^^^^^^^^^^^^^^^^^^^^^^^^^^^^^^^^^^^^
    )
    ^
  File "C:\Users\anilk\Desktop\AI Road\.venv\Lib\site-packages\sqlalchemy\engine\base.py", line 1643, in _execute_clauseelement
    ret = self._execute_context(
        dialect,
    ...<8 lines>...
        cache_hit=cache_hit,
    )
  File "C:\Users\anilk\Desktop\AI Road\.venv\Lib\site-packages\sqlalchemy\engine\base.py", line 1848, in _execute_context
    return self._exec_single_context(
           ~~~~~~~~~~~~~~~~~~~~~~~~~^
        dialect, context, statement, parameters
        ^^^^^^^^^^^^^^^^^^^^^^^^^^^^^^^^^^^^^^^
    )
    ^
  File "C:\Users\anilk\Desktop\AI Road\.venv\Lib\site-packages\sqlalchemy\engine\base.py", line 1988, in _exec_single_context
    self._handle_dbapi_exception(
    ~~~~~~~~~~~~~~~~~~~~~~~~~~~~^
        e, str_statement, effective_parameters, cursor, context
        ^^^^^^^^^^^^^^^^^^^^^^^^^^^^^^^^^^^^^^^^^^^^^^^^^^^^^^^
    )
    ^
  File "C:\Users\anilk\Desktop\AI Road\.venv\Lib\site-packages\sqlalchemy\engine\base.py", line 2365, in _handle_dbapi_exception
    raise sqlalchemy_exception.with_traceback(exc_info[2]) from e
  File "C:\Users\anilk\Desktop\AI Road\.venv\Lib\site-packages\sqlalchemy\engine\base.py", line 1969, in _exec_single_context
    self.dialect.do_execute(
    ~~~~~~~~~~~~~~~~~~~~~~~^
        cursor, str_statement, effective_parameters, context
        ^^^^^^^^^^^^^^^^^^^^^^^^^^^^^^^^^^^^^^^^^^^^^^^^^^^^
    )
    ^
  File "C:\Users\anilk\Desktop\AI Road\.venv\Lib\site-packages\sqlalchemy\engine\default.py", line 952, in do_execute
    cursor.execute(statement, parameters)
    ~~~~~~~~~~~~~~^^^^^^^^^^^^^^^^^^^^^^^
sqlalchemy.exc.OperationalError: (sqlite3.OperationalError) no such column: reports.road_name
[SQL: SELECT reports.id AS reports_id, reports.user_id AS reports_user_id, reports.road_id AS reports_road_id, reports.title AS reports_title, reports.description AS reports_description, reports.road_name AS reports_road_name, reports.latitude AS reports_latitude, reports.longitude AS reports_longitude, reports.city AS reports_city, reports.district AS reports_district, reports.state AS reports_state, reports.pincode AS reports_pincode, reports.weather AS reports_weather, reports.weather_conditions AS reports_weather_conditions, reports.device_info AS reports_device_info, reports.vehicle_speed AS reports_vehicle_speed, reports.direction AS reports_direction, reports.reported_at AS reports_reported_at, reports.report_source AS reports_report_source, reports.analysis_source AS reports_analysis_source, reports.satellite_verified AS reports_satellite_verified, reports.damage_type AS reports_damage_type, reports.severity AS reports_severity, reports.status AS reports_status, reports.repair_priority AS reports_repair_priority, reports.damage_count AS reports_damage_count, reports.pothole_count AS reports_pothole_count, reports.average_pothole_size AS reports_average_pothole_size, reports.crack_length AS reports_crack_length, reports.damage_area AS reports_damage_area, reports.damage_length AS reports_damage_length, reports.damage_width AS reports_damage_width, reports.damage_depth AS reports_damage_depth, reports.damage_percentage AS reports_damage_percentage, reports.road_health_index AS reports_road_health_index, reports.predicted_failure_risk AS reports_predicted_failure_risk, reports.repair_difficulty AS reports_repair_difficulty, reports.estimated_repair_cost AS reports_estimated_repair_cost, reports.estimated_duration AS reports_estimated_duration, reports.expected_completion_date AS reports_expected_completion_date, reports.assigned_engineer AS reports_assigned_engineer, reports.assigned_contractor AS reports_assigned_contractor, reports.contractor_assignment AS reports_contractor_assignment, reports.engineer_verified AS reports_engineer_verified, reports.budget_utilization AS reports_budget_utilization, reports.material_estimates AS reports_material_estimates, reports.cost_breakdown AS reports_cost_breakdown, reports.audit_log AS reports_audit_log, reports.files AS reports_files, reports.predictions AS reports_predictions, reports.created_at AS reports_created_at, reports.last_updated AS reports_last_updated, reports.workflow_status AS reports_workflow_status, reports.accepted_deadline AS reports_accepted_deadline, reports.notification_sent_at AS reports_notification_sent_at, reports.contractor_response_deadline AS reports_contractor_response_deadline 
FROM reports ORDER BY reports.created_at DESC]
(Background on this error at: https://sqlalche.me/e/20/e3q8)
ERROR:    Exception in ASGI application
Traceback (most recent call last):
  File "C:\Users\anilk\Desktop\AI Road\.venv\Lib\site-packages\sqlalchemy\engine\base.py", line 1969, in _exec_single_context
    self.dialect.do_execute(
    ~~~~~~~~~~~~~~~~~~~~~~~^
        cursor, str_statement, effective_parameters, context
        ^^^^^^^^^^^^^^^^^^^^^^^^^^^^^^^^^^^^^^^^^^^^^^^^^^^^
    )
    ^
  File "C:\Users\anilk\Desktop\AI Road\.venv\Lib\site-packages\sqlalchemy\engine\default.py", line 952, in do_execute
    cursor.execute(statement, parameters)
    ~~~~~~~~~~~~~~^^^^^^^^^^^^^^^^^^^^^^^
sqlite3.OperationalError: no such column: reports.road_name

The above exception was the direct cause of the following exception:

Traceback (most recent call last):
  File "C:\Users\anilk\Desktop\AI Road\.venv\Lib\site-packages\uvicorn\protocols\http\httptools_impl.py", line 422, in run_asgi
    result = await app(  # type: ignore[func-returns-value]
             ^^^^^^^^^^^^^^^^^^^^^^^^^^^^^^^^^^^^^^^^^^^^^^
        self.scope, self.receive, self.send
        ^^^^^^^^^^^^^^^^^^^^^^^^^^^^^^^^^^^
    )
    ^
  File "C:\Users\anilk\Desktop\AI Road\.venv\Lib\site-packages\uvicorn\middleware\proxy_headers.py", line 63, in __call__
    return await self.app(scope, receive, send)
           ^^^^^^^^^^^^^^^^^^^^^^^^^^^^^^^^^^^^
  File "C:\Users\anilk\Desktop\AI Road\.venv\Lib\site-packages\fastapi\applications.py", line 1163, in __call__
    await super().__call__(scope, receive, send)
  File "C:\Users\anilk\Desktop\AI Road\.venv\Lib\site-packages\starlette\applications.py", line 96, in __call__
    await self.middleware_stack(scope, receive, send)
  File "C:\Users\anilk\Desktop\AI Road\.venv\Lib\site-packages\starlette\middleware\errors.py", line 186, in __call__
    raise exc
  File "C:\Users\anilk\Desktop\AI Road\.venv\Lib\site-packages\starlette\middleware\errors.py", line 164, in __call__
    await self.app(scope, receive, _send)
  File "C:\Users\anilk\Desktop\AI Road\.venv\Lib\site-packages\starlette\middleware\cors.py", line 96, in __call__
    await self.simple_response(scope, receive, send, request_headers=headers)
  File "C:\Users\anilk\Desktop\AI Road\.venv\Lib\site-packages\starlette\middleware\cors.py", line 154, in simple_response
    await self.app(scope, receive, send)
  File "C:\Users\anilk\Desktop\AI Road\.venv\Lib\site-packages\starlette\middleware\exceptions.py", line 63, in __call__
    await wrap_app_handling_exceptions(self.app, conn)(scope, receive, send)
  File "C:\Users\anilk\Desktop\AI Road\.venv\Lib\site-packages\starlette\_exception_handler.py", line 53, in wrapped_app
    raise exc
  File "C:\Users\anilk\Desktop\AI Road\.venv\Lib\site-packages\starlette\_exception_handler.py", line 42, in wrapped_app
    await app(scope, receive, sender)
  File "C:\Users\anilk\Desktop\AI Road\.venv\Lib\site-packages\fastapi\middleware\asyncexitstack.py", line 18, in __call__
    await self.app(scope, receive, send)
  File "C:\Users\anilk\Desktop\AI Road\.venv\Lib\site-packages\starlette\routing.py", line 670, in __call__
    await self.middleware_stack(scope, receive, send)
  File "C:\Users\anilk\Desktop\AI Road\.venv\Lib\site-packages\fastapi\routing.py", line 2734, in app
    await route.handle(scope, receive, send)
  File "C:\Users\anilk\Desktop\AI Road\.venv\Lib\site-packages\fastapi\routing.py", line 1780, in handle
    await self.original_router.handle(scope, receive, send)
  File "C:\Users\anilk\Desktop\AI Road\.venv\Lib\site-packages\fastapi\routing.py", line 2789, in handle
    await included_router._handle_selected(scope, receive, send)
  File "C:\Users\anilk\Desktop\AI Road\.venv\Lib\site-packages\fastapi\routing.py", line 1800, in _handle_selected
    await original_route.handle(scope, receive, send)
  File "C:\Users\anilk\Desktop\AI Road\.venv\Lib\site-packages\fastapi\routing.py", line 1279, in handle
    await app(scope, receive, send)
  File "C:\Users\anilk\Desktop\AI Road\.venv\Lib\site-packages\fastapi\routing.py", line 158, in app
    await wrap_app_handling_exceptions(app, request)(scope, receive, send)
  File "C:\Users\anilk\Desktop\AI Road\.venv\Lib\site-packages\starlette\_exception_handler.py", line 53, in wrapped_app
    raise exc
  File "C:\Users\anilk\Desktop\AI Road\.venv\Lib\site-packages\starlette\_exception_handler.py", line 42, in wrapped_app
    await app(scope, receive, sender)
  File "C:\Users\anilk\Desktop\AI Road\.venv\Lib\site-packages\fastapi\routing.py", line 144, in app
    response = await f(request)
               ^^^^^^^^^^^^^^^^
  File "C:\Users\anilk\Desktop\AI Road\.venv\Lib\site-packages\fastapi\routing.py", line 706, in app
    raw_response = await run_endpoint_function(
                   ^^^^^^^^^^^^^^^^^^^^^^^^^^^^
    ...<3 lines>...
    )
    ^
  File "C:\Users\anilk\Desktop\AI Road\.venv\Lib\site-packages\fastapi\routing.py", line 352, in run_endpoint_function
    return await dependant.call(**values)
           ^^^^^^^^^^^^^^^^^^^^^^^^^^^^^^
  File "C:\Users\anilk\Desktop\AI Road\backend\app\api\reports.py", line 393, in list_reports
    reports = crud.get_reports(db)
  File "C:\Users\anilk\Desktop\AI Road\backend\app\crud.py", line 136, in get_reports
    return db.query(models.Report).order_by(models.Report.created_at.desc()).all()
           ~~~~~~~~~~~~~~~~~~~~~~~~~~~~~~~~~~~~~~~~~~~~~~~~~~~~~~~~~~~~~~~~~~~~~^^
  File "C:\Users\anilk\Desktop\AI Road\.venv\Lib\site-packages\sqlalchemy\orm\query.py", line 2711, in all
    return self._iter().all()  # type: ignore
           ~~~~~~~~~~^^
  File "C:\Users\anilk\Desktop\AI Road\.venv\Lib\site-packages\sqlalchemy\orm\query.py", line 2864, in _iter
    result: Union[ScalarResult[_T], Result[_T]] = self.session.execute(
                                                  ~~~~~~~~~~~~~~~~~~~~^
        statement,
        ^^^^^^^^^^
        params,
        ^^^^^^^
        execution_options={"_sa_orm_load_options": self.load_options},
        ^^^^^^^^^^^^^^^^^^^^^^^^^^^^^^^^^^^^^^^^^^^^^^^^^^^^^^^^^^^^^^
    )
    ^
  File "C:\Users\anilk\Desktop\AI Road\.venv\Lib\site-packages\sqlalchemy\orm\session.py", line 2373, in execute
    return self._execute_internal(
           ~~~~~~~~~~~~~~~~~~~~~~^
        statement,
        ^^^^^^^^^^
    ...<4 lines>...
        _add_event=_add_event,
        ^^^^^^^^^^^^^^^^^^^^^^
    )
    ^
  File "C:\Users\anilk\Desktop\AI Road\.venv\Lib\site-packages\sqlalchemy\orm\session.py", line 2271, in _execute_internal
    result: Result[Any] = compile_state_cls.orm_execute_statement(
                          ~~~~~~~~~~~~~~~~~~~~~~~~~~~~~~~~~~~~~~~^
        self,
        ^^^^^
    ...<4 lines>...
        conn,
        ^^^^^
    )
    ^
  File "C:\Users\anilk\Desktop\AI Road\.venv\Lib\site-packages\sqlalchemy\orm\context.py", line 306, in orm_execute_statement
    result = conn.execute(
        statement, params or {}, execution_options=execution_options
    )
  File "C:\Users\anilk\Desktop\AI Road\.venv\Lib\site-packages\sqlalchemy\engine\base.py", line 1421, in execute
    return meth(
        self,
        distilled_parameters,
        execution_options or NO_OPTIONS,
    )
  File "C:\Users\anilk\Desktop\AI Road\.venv\Lib\site-packages\sqlalchemy\sql\elements.py", line 526, in _execute_on_connection
    return connection._execute_clauseelement(
           ~~~~~~~~~~~~~~~~~~~~~~~~~~~~~~~~~^
        self, distilled_params, execution_options
        ^^^^^^^^^^^^^^^^^^^^^^^^^^^^^^^^^^^^^^^^^
    )
    ^
  File "C:\Users\anilk\Desktop\AI Road\.venv\Lib\site-packages\sqlalchemy\engine\base.py", line 1643, in _execute_clauseelement
    ret = self._execute_context(
        dialect,
    ...<8 lines>...
        cache_hit=cache_hit,
    )
  File "C:\Users\anilk\Desktop\AI Road\.venv\Lib\site-packages\sqlalchemy\engine\base.py", line 1848, in _execute_context
    return self._exec_single_context(
           ~~~~~~~~~~~~~~~~~~~~~~~~~^
        dialect, context, statement, parameters
        ^^^^^^^^^^^^^^^^^^^^^^^^^^^^^^^^^^^^^^^
    )
    ^
  File "C:\Users\anilk\Desktop\AI Road\.venv\Lib\site-packages\sqlalchemy\engine\base.py", line 1988, in _exec_single_context
    self._handle_dbapi_exception(
    ~~~~~~~~~~~~~~~~~~~~~~~~~~~~^
        e, str_statement, effective_parameters, cursor, context
        ^^^^^^^^^^^^^^^^^^^^^^^^^^^^^^^^^^^^^^^^^^^^^^^^^^^^^^^
    )
    ^
  File "C:\Users\anilk\Desktop\AI Road\.venv\Lib\site-packages\sqlalchemy\engine\base.py", line 2365, in _handle_dbapi_exception
    raise sqlalchemy_exception.with_traceback(exc_info[2]) from e
  File "C:\Users\anilk\Desktop\AI Road\.venv\Lib\site-packages\sqlalchemy\engine\base.py", line 1969, in _exec_single_context
    self.dialect.do_execute(
    ~~~~~~~~~~~~~~~~~~~~~~~^
        cursor, str_statement, effective_parameters, context
        ^^^^^^^^^^^^^^^^^^^^^^^^^^^^^^^^^^^^^^^^^^^^^^^^^^^^
    )
    ^
  File "C:\Users\anilk\Desktop\AI Road\.venv\Lib\site-packages\sqlalchemy\engine\default.py", line 952, in do_execute
    cursor.execute(statement, parameters)
    ~~~~~~~~~~~~~~^^^^^^^^^^^^^^^^^^^^^^^
sqlalchemy.exc.OperationalError: (sqlite3.OperationalError) no such column: reports.road_name
[SQL: SELECT reports.id AS reports_id, reports.user_id AS reports_user_id, reports.road_id AS reports_road_id, reports.title AS reports_title, reports.description AS reports_description, reports.road_name AS reports_road_name, reports.latitude AS reports_latitude, reports.longitude AS reports_longitude, reports.city AS reports_city, reports.district AS reports_district, reports.state AS reports_state, reports.pincode AS reports_pincode, reports.weather AS reports_weather, reports.weather_conditions AS reports_weather_conditions, reports.device_info AS reports_device_info, reports.vehicle_speed AS reports_vehicle_speed, reports.direction AS reports_direction, reports.reported_at AS reports_reported_at, reports.report_source AS reports_report_source, reports.analysis_source AS reports_analysis_source, reports.satellite_verified AS reports_satellite_verified, reports.damage_type AS reports_damage_type, reports.severity AS reports_severity, reports.status AS reports_status, reports.repair_priority AS reports_repair_priority, reports.damage_count AS reports_damage_count, reports.pothole_count AS reports_pothole_count, reports.average_pothole_size AS reports_average_pothole_size, reports.crack_length AS reports_crack_length, reports.damage_area AS reports_damage_area, reports.damage_length AS reports_damage_length, reports.damage_width AS reports_damage_width, reports.damage_depth AS reports_damage_depth, reports.damage_percentage AS reports_damage_percentage, reports.road_health_index AS reports_road_health_index, reports.predicted_failure_risk AS reports_predicted_failure_risk, reports.repair_difficulty AS reports_repair_difficulty, reports.estimated_repair_cost AS reports_estimated_repair_cost, reports.estimated_duration AS reports_estimated_duration, reports.expected_completion_date AS reports_expected_completion_date, reports.assigned_engineer AS reports_assigned_engineer, reports.assigned_contractor AS reports_assigned_contractor, reports.contractor_assignment AS reports_contractor_assignment, reports.engineer_verified AS reports_engineer_verified, reports.budget_utilization AS reports_budget_utilization, reports.material_estimates AS reports_material_estimates, reports.cost_breakdown AS reports_cost_breakdown, reports.audit_log AS reports_audit_log, reports.files AS reports_files, reports.predictions AS reports_predictions, reports.created_at AS reports_created_at, reports.last_updated AS reports_last_updated, reports.workflow_status AS reports_workflow_status, reports.accepted_deadline AS reports_accepted_deadline, reports.notification_sent_at AS reports_notification_sent_at, reports.contractor_response_deadline AS reports_contractor_response_deadline 
FROM reports ORDER BY reports.created_at DESC]
(Background on this error at: https://sqlalche.me/e/20/e3q8)
ERROR:    Exception in ASGI application
Traceback (most recent call last):
  File "C:\Users\anilk\Desktop\AI Road\.venv\Lib\site-packages\sqlalchemy\engine\base.py", line 1969, in _exec_single_context
    self.dialect.do_execute(
    ~~~~~~~~~~~~~~~~~~~~~~~^
        cursor, str_statement, effective_parameters, context
        ^^^^^^^^^^^^^^^^^^^^^^^^^^^^^^^^^^^^^^^^^^^^^^^^^^^^
    )
    ^
  File "C:\Users\anilk\Desktop\AI Road\.venv\Lib\site-packages\sqlalchemy\engine\default.py", line 952, in do_execute
    cursor.execute(statement, parameters)
    ~~~~~~~~~~~~~~^^^^^^^^^^^^^^^^^^^^^^^
sqlite3.OperationalError: no such column: reports.road_name

The above exception was the direct cause of the following exception:

Traceback (most recent call last):
  File "C:\Users\anilk\Desktop\AI Road\.venv\Lib\site-packages\uvicorn\protocols\http\httptools_impl.py", line 422, in run_asgi
    result = await app(  # type: ignore[func-returns-value]
             ^^^^^^^^^^^^^^^^^^^^^^^^^^^^^^^^^^^^^^^^^^^^^^
        self.scope, self.receive, self.send
        ^^^^^^^^^^^^^^^^^^^^^^^^^^^^^^^^^^^
    )
    ^
  File "C:\Users\anilk\Desktop\AI Road\.venv\Lib\site-packages\uvicorn\middleware\proxy_headers.py", line 63, in __call__
    return await self.app(scope, receive, send)
           ^^^^^^^^^^^^^^^^^^^^^^^^^^^^^^^^^^^^
  File "C:\Users\anilk\Desktop\AI Road\.venv\Lib\site-packages\fastapi\applications.py", line 1163, in __call__
    await super().__call__(scope, receive, send)
  File "C:\Users\anilk\Desktop\AI Road\.venv\Lib\site-packages\starlette\applications.py", line 96, in __call__
    await self.middleware_stack(scope, receive, send)
  File "C:\Users\anilk\Desktop\AI Road\.venv\Lib\site-packages\starlette\middleware\errors.py", line 186, in __call__
    raise exc
  File "C:\Users\anilk\Desktop\AI Road\.venv\Lib\site-packages\starlette\middleware\errors.py", line 164, in __call__
    await self.app(scope, receive, _send)
  File "C:\Users\anilk\Desktop\AI Road\.venv\Lib\site-packages\starlette\middleware\cors.py", line 96, in __call__
    await self.simple_response(scope, receive, send, request_headers=headers)
  File "C:\Users\anilk\Desktop\AI Road\.venv\Lib\site-packages\starlette\middleware\cors.py", line 154, in simple_response
    await self.app(scope, receive, send)
  File "C:\Users\anilk\Desktop\AI Road\.venv\Lib\site-packages\starlette\middleware\exceptions.py", line 63, in __call__
    await wrap_app_handling_exceptions(self.app, conn)(scope, receive, send)
  File "C:\Users\anilk\Desktop\AI Road\.venv\Lib\site-packages\starlette\_exception_handler.py", line 53, in wrapped_app
    raise exc
  File "C:\Users\anilk\Desktop\AI Road\.venv\Lib\site-packages\starlette\_exception_handler.py", line 42, in wrapped_app
    await app(scope, receive, sender)
  File "C:\Users\anilk\Desktop\AI Road\.venv\Lib\site-packages\fastapi\middleware\asyncexitstack.py", line 18, in __call__
    await self.app(scope, receive, send)
  File "C:\Users\anilk\Desktop\AI Road\.venv\Lib\site-packages\starlette\routing.py", line 670, in __call__
    await self.middleware_stack(scope, receive, send)
  File "C:\Users\anilk\Desktop\AI Road\.venv\Lib\site-packages\fastapi\routing.py", line 2734, in app
    await route.handle(scope, receive, send)
  File "C:\Users\anilk\Desktop\AI Road\.venv\Lib\site-packages\fastapi\routing.py", line 1780, in handle
    await self.original_router.handle(scope, receive, send)
  File "C:\Users\anilk\Desktop\AI Road\.venv\Lib\site-packages\fastapi\routing.py", line 2789, in handle
    await included_router._handle_selected(scope, receive, send)
  File "C:\Users\anilk\Desktop\AI Road\.venv\Lib\site-packages\fastapi\routing.py", line 1800, in _handle_selected
    await original_route.handle(scope, receive, send)
  File "C:\Users\anilk\Desktop\AI Road\.venv\Lib\site-packages\fastapi\routing.py", line 1279, in handle
    await app(scope, receive, send)
  File "C:\Users\anilk\Desktop\AI Road\.venv\Lib\site-packages\fastapi\routing.py", line 158, in app
    await wrap_app_handling_exceptions(app, request)(scope, receive, send)
  File "C:\Users\anilk\Desktop\AI Road\.venv\Lib\site-packages\starlette\_exception_handler.py", line 53, in wrapped_app
    raise exc
  File "C:\Users\anilk\Desktop\AI Road\.venv\Lib\site-packages\starlette\_exception_handler.py", line 42, in wrapped_app
    await app(scope, receive, sender)
  File "C:\Users\anilk\Desktop\AI Road\.venv\Lib\site-packages\fastapi\routing.py", line 144, in app
    response = await f(request)
               ^^^^^^^^^^^^^^^^
  File "C:\Users\anilk\Desktop\AI Road\.venv\Lib\site-packages\fastapi\routing.py", line 706, in app
    raw_response = await run_endpoint_function(
                   ^^^^^^^^^^^^^^^^^^^^^^^^^^^^
    ...<3 lines>...
    )
    ^
  File "C:\Users\anilk\Desktop\AI Road\.venv\Lib\site-packages\fastapi\routing.py", line 352, in run_endpoint_function
    return await dependant.call(**values)
           ^^^^^^^^^^^^^^^^^^^^^^^^^^^^^^
  File "C:\Users\anilk\Desktop\AI Road\backend\app\api\reports.py", line 393, in list_reports
    reports = crud.get_reports(db)
  File "C:\Users\anilk\Desktop\AI Road\backend\app\crud.py", line 136, in get_reports
    return db.query(models.Report).order_by(models.Report.created_at.desc()).all()
           ~~~~~~~~~~~~~~~~~~~~~~~~~~~~~~~~~~~~~~~~~~~~~~~~~~~~~~~~~~~~~~~~~~~~~^^
  File "C:\Users\anilk\Desktop\AI Road\.venv\Lib\site-packages\sqlalchemy\orm\query.py", line 2711, in all
    return self._iter().all()  # type: ignore
           ~~~~~~~~~~^^
  File "C:\Users\anilk\Desktop\AI Road\.venv\Lib\site-packages\sqlalchemy\orm\query.py", line 2864, in _iter
    result: Union[ScalarResult[_T], Result[_T]] = self.session.execute(
                                                  ~~~~~~~~~~~~~~~~~~~~^
        statement,
        ^^^^^^^^^^
        params,
        ^^^^^^^
        execution_options={"_sa_orm_load_options": self.load_options},
        ^^^^^^^^^^^^^^^^^^^^^^^^^^^^^^^^^^^^^^^^^^^^^^^^^^^^^^^^^^^^^^
    )
    ^
  File "C:\Users\anilk\Desktop\AI Road\.venv\Lib\site-packages\sqlalchemy\orm\session.py", line 2373, in execute
    return self._execute_internal(
           ~~~~~~~~~~~~~~~~~~~~~~^
        statement,
        ^^^^^^^^^^
    ...<4 lines>...
        _add_event=_add_event,
        ^^^^^^^^^^^^^^^^^^^^^^
    )
    ^
  File "C:\Users\anilk\Desktop\AI Road\.venv\Lib\site-packages\sqlalchemy\orm\session.py", line 2271, in _execute_internal
    result: Result[Any] = compile_state_cls.orm_execute_statement(
                          ~~~~~~~~~~~~~~~~~~~~~~~~~~~~~~~~~~~~~~~^
        self,
        ^^^^^
    ...<4 lines>...
        conn,
        ^^^^^
    )
    ^
  File "C:\Users\anilk\Desktop\AI Road\.venv\Lib\site-packages\sqlalchemy\orm\context.py", line 306, in orm_execute_statement
    result = conn.execute(
        statement, params or {}, execution_options=execution_options
    )
  File "C:\Users\anilk\Desktop\AI Road\.venv\Lib\site-packages\sqlalchemy\engine\base.py", line 1421, in execute
    return meth(
        self,
        distilled_parameters,
        execution_options or NO_OPTIONS,
    )
  File "C:\Users\anilk\Desktop\AI Road\.venv\Lib\site-packages\sqlalchemy\sql\elements.py", line 526, in _execute_on_connection
    return connection._execute_clauseelement(
           ~~~~~~~~~~~~~~~~~~~~~~~~~~~~~~~~~^
        self, distilled_params, execution_options
        ^^^^^^^^^^^^^^^^^^^^^^^^^^^^^^^^^^^^^^^^^
    )
    ^
  File "C:\Users\anilk\Desktop\AI Road\.venv\Lib\site-packages\sqlalchemy\engine\base.py", line 1643, in _execute_clauseelement
    ret = self._execute_context(
        dialect,
    ...<8 lines>...
        cache_hit=cache_hit,
    )
  File "C:\Users\anilk\Desktop\AI Road\.venv\Lib\site-packages\sqlalchemy\engine\base.py", line 1848, in _execute_context
    return self._exec_single_context(
           ~~~~~~~~~~~~~~~~~~~~~~~~~^
        dialect, context, statement, parameters
        ^^^^^^^^^^^^^^^^^^^^^^^^^^^^^^^^^^^^^^^
    )
    ^
  File "C:\Users\anilk\Desktop\AI Road\.venv\Lib\site-packages\sqlalchemy\engine\base.py", line 1988, in _exec_single_context
    self._handle_dbapi_exception(
    ~~~~~~~~~~~~~~~~~~~~~~~~~~~~^
        e, str_statement, effective_parameters, cursor, context
        ^^^^^^^^^^^^^^^^^^^^^^^^^^^^^^^^^^^^^^^^^^^^^^^^^^^^^^^
    )
    ^
  File "C:\Users\anilk\Desktop\AI Road\.venv\Lib\site-packages\sqlalchemy\engine\base.py", line 2365, in _handle_dbapi_exception
    raise sqlalchemy_exception.with_traceback(exc_info[2]) from e
  File "C:\Users\anilk\Desktop\AI Road\.venv\Lib\site-packages\sqlalchemy\engine\base.py", line 1969, in _exec_single_context
    self.dialect.do_execute(
    ~~~~~~~~~~~~~~~~~~~~~~~^
        cursor, str_statement, effective_parameters, context
        ^^^^^^^^^^^^^^^^^^^^^^^^^^^^^^^^^^^^^^^^^^^^^^^^^^^^
    )
    ^
  File "C:\Users\anilk\Desktop\AI Road\.venv\Lib\site-packages\sqlalchemy\engine\default.py", line 952, in do_execute
    cursor.execute(statement, parameters)
    ~~~~~~~~~~~~~~^^^^^^^^^^^^^^^^^^^^^^^
sqlalchemy.exc.OperationalError: (sqlite3.OperationalError) no such column: reports.road_name
[SQL: SELECT reports.id AS reports_id, reports.user_id AS reports_user_id, reports.road_id AS reports_road_id, reports.title AS reports_title, reports.description AS reports_description, reports.road_name AS reports_road_name, reports.latitude AS reports_latitude, reports.longitude AS reports_longitude, reports.city AS reports_city, reports.district AS reports_district, reports.state AS reports_state, reports.pincode AS reports_pincode, reports.weather AS reports_weather, reports.weather_conditions AS reports_weather_conditions, reports.device_info AS reports_device_info, reports.vehicle_speed AS reports_vehicle_speed, reports.direction AS reports_direction, reports.reported_at AS reports_reported_at, reports.report_source AS reports_report_source, reports.analysis_source AS reports_analysis_source, reports.satellite_verified AS reports_satellite_verified, reports.damage_type AS reports_damage_type, reports.severity AS reports_severity, reports.status AS reports_status, reports.repair_priority AS reports_repair_priority, reports.damage_count AS reports_damage_count, reports.pothole_count AS reports_pothole_count, reports.average_pothole_size AS reports_average_pothole_size, reports.crack_length AS reports_crack_length, reports.damage_area AS reports_damage_area, reports.damage_length AS reports_damage_length, reports.damage_width AS reports_damage_width, reports.damage_depth AS reports_damage_depth, reports.damage_percentage AS reports_damage_percentage, reports.road_health_index AS reports_road_health_index, reports.predicted_failure_risk AS reports_predicted_failure_risk, reports.repair_difficulty AS reports_repair_difficulty, reports.estimated_repair_cost AS reports_estimated_repair_cost, reports.estimated_duration AS reports_estimated_duration, reports.expected_completion_date AS reports_expected_completion_date, reports.assigned_engineer AS reports_assigned_engineer, reports.assigned_contractor AS reports_assigned_contractor, reports.contractor_assignment AS reports_contractor_assignment, reports.engineer_verified AS reports_engineer_verified, reports.budget_utilization AS reports_budget_utilization, reports.material_estimates AS reports_material_estimates, reports.cost_breakdown AS reports_cost_breakdown, reports.audit_log AS reports_audit_log, reports.files AS reports_files, reports.predictions AS reports_predictions, reports.created_at AS reports_created_at, reports.last_updated AS reports_last_updated, reports.workflow_status AS reports_workflow_status, reports.accepted_deadline AS reports_accepted_deadline, reports.notification_sent_at AS reports_notification_sent_at, reports.contractor_response_deadline AS reports_contractor_response_deadline 
FROM reports ORDER BY reports.created_at DESC]
(Background on this error at: https://sqlalche.me/e/20/e3q8)
ERROR:    Exception in ASGI application
Traceback (most recent call last):
  File "C:\Users\anilk\Desktop\AI Road\.venv\Lib\site-packages\sqlalchemy\engine\base.py", line 1969, in _exec_single_context
    self.dialect.do_execute(
    ~~~~~~~~~~~~~~~~~~~~~~~^
        cursor, str_statement, effective_parameters, context
        ^^^^^^^^^^^^^^^^^^^^^^^^^^^^^^^^^^^^^^^^^^^^^^^^^^^^
    )
    ^
  File "C:\Users\anilk\Desktop\AI Road\.venv\Lib\site-packages\sqlalchemy\engine\default.py", line 952, in do_execute
    cursor.execute(statement, parameters)
    ~~~~~~~~~~~~~~^^^^^^^^^^^^^^^^^^^^^^^
sqlite3.OperationalError: no such column: reports.road_name

The above exception was the direct cause of the following exception:

Traceback (most recent call last):
  File "C:\Users\anilk\Desktop\AI Road\.venv\Lib\site-packages\uvicorn\protocols\http\httptools_impl.py", line 422, in run_asgi
    result = await app(  # type: ignore[func-returns-value]
             ^^^^^^^^^^^^^^^^^^^^^^^^^^^^^^^^^^^^^^^^^^^^^^
        self.scope, self.receive, self.send
        ^^^^^^^^^^^^^^^^^^^^^^^^^^^^^^^^^^^
    )
    ^
  File "C:\Users\anilk\Desktop\AI Road\.venv\Lib\site-packages\uvicorn\middleware\proxy_headers.py", line 63, in __call__
    return await self.app(scope, receive, send)
           ^^^^^^^^^^^^^^^^^^^^^^^^^^^^^^^^^^^^
  File "C:\Users\anilk\Desktop\AI Road\.venv\Lib\site-packages\fastapi\applications.py", line 1163, in __call__
    await super().__call__(scope, receive, send)
  File "C:\Users\anilk\Desktop\AI Road\.venv\Lib\site-packages\starlette\applications.py", line 96, in __call__
    await self.middleware_stack(scope, receive, send)
  File "C:\Users\anilk\Desktop\AI Road\.venv\Lib\site-packages\starlette\middleware\errors.py", line 186, in __call__
    raise exc
  File "C:\Users\anilk\Desktop\AI Road\.venv\Lib\site-packages\starlette\middleware\errors.py", line 164, in __call__
    await self.app(scope, receive, _send)
  File "C:\Users\anilk\Desktop\AI Road\.venv\Lib\site-packages\starlette\middleware\cors.py", line 96, in __call__
    await self.simple_response(scope, receive, send, request_headers=headers)
  File "C:\Users\anilk\Desktop\AI Road\.venv\Lib\site-packages\starlette\middleware\cors.py", line 154, in simple_response
    await self.app(scope, receive, send)
  File "C:\Users\anilk\Desktop\AI Road\.venv\Lib\site-packages\starlette\middleware\exceptions.py", line 63, in __call__
    await wrap_app_handling_exceptions(self.app, conn)(scope, receive, send)
  File "C:\Users\anilk\Desktop\AI Road\.venv\Lib\site-packages\starlette\_exception_handler.py", line 53, in wrapped_app
    raise exc
  File "C:\Users\anilk\Desktop\AI Road\.venv\Lib\site-packages\starlette\_exception_handler.py", line 42, in wrapped_app
    await app(scope, receive, sender)
  File "C:\Users\anilk\Desktop\AI Road\.venv\Lib\site-packages\fastapi\middleware\asyncexitstack.py", line 18, in __call__
    await self.app(scope, receive, send)
  File "C:\Users\anilk\Desktop\AI Road\.venv\Lib\site-packages\starlette\routing.py", line 670, in __call__
    await self.middleware_stack(scope, receive, send)
  File "C:\Users\anilk\Desktop\AI Road\.venv\Lib\site-packages\fastapi\routing.py", line 2734, in app
    await route.handle(scope, receive, send)
  File "C:\Users\anilk\Desktop\AI Road\.venv\Lib\site-packages\fastapi\routing.py", line 1780, in handle
    await self.original_router.handle(scope, receive, send)
  File "C:\Users\anilk\Desktop\AI Road\.venv\Lib\site-packages\fastapi\routing.py", line 2789, in handle
    await included_router._handle_selected(scope, receive, send)
  File "C:\Users\anilk\Desktop\AI Road\.venv\Lib\site-packages\fastapi\routing.py", line 1800, in _handle_selected
    await original_route.handle(scope, receive, send)
  File "C:\Users\anilk\Desktop\AI Road\.venv\Lib\site-packages\fastapi\routing.py", line 1279, in handle
    await app(scope, receive, send)
  File "C:\Users\anilk\Desktop\AI Road\.venv\Lib\site-packages\fastapi\routing.py", line 158, in app
    await wrap_app_handling_exceptions(app, request)(scope, receive, send)
  File "C:\Users\anilk\Desktop\AI Road\.venv\Lib\site-packages\starlette\_exception_handler.py", line 53, in wrapped_app
    raise exc
  File "C:\Users\anilk\Desktop\AI Road\.venv\Lib\site-packages\starlette\_exception_handler.py", line 42, in wrapped_app
    await app(scope, receive, sender)
  File "C:\Users\anilk\Desktop\AI Road\.venv\Lib\site-packages\fastapi\routing.py", line 144, in app
    response = await f(request)
               ^^^^^^^^^^^^^^^^
  File "C:\Users\anilk\Desktop\AI Road\.venv\Lib\site-packages\fastapi\routing.py", line 706, in app
    raw_response = await run_endpoint_function(
                   ^^^^^^^^^^^^^^^^^^^^^^^^^^^^
    ...<3 lines>...
    )
    ^
  File "C:\Users\anilk\Desktop\AI Road\.venv\Lib\site-packages\fastapi\routing.py", line 352, in run_endpoint_function
    return await dependant.call(**values)
           ^^^^^^^^^^^^^^^^^^^^^^^^^^^^^^
  File "C:\Users\anilk\Desktop\AI Road\backend\app\api\reports.py", line 393, in list_reports
    reports = crud.get_reports(db)
  File "C:\Users\anilk\Desktop\AI Road\backend\app\crud.py", line 136, in get_reports
    return db.query(models.Report).order_by(models.Report.created_at.desc()).all()
           ~~~~~~~~~~~~~~~~~~~~~~~~~~~~~~~~~~~~~~~~~~~~~~~~~~~~~~~~~~~~~~~~~~~~~^^
  File "C:\Users\anilk\Desktop\AI Road\.venv\Lib\site-packages\sqlalchemy\orm\query.py", line 2711, in all
    return self._iter().all()  # type: ignore
           ~~~~~~~~~~^^
  File "C:\Users\anilk\Desktop\AI Road\.venv\Lib\site-packages\sqlalchemy\orm\query.py", line 2864, in _iter
    result: Union[ScalarResult[_T], Result[_T]] = self.session.execute(
                                                  ~~~~~~~~~~~~~~~~~~~~^
        statement,
        ^^^^^^^^^^
        params,
        ^^^^^^^
        execution_options={"_sa_orm_load_options": self.load_options},
        ^^^^^^^^^^^^^^^^^^^^^^^^^^^^^^^^^^^^^^^^^^^^^^^^^^^^^^^^^^^^^^
    )
    ^
  File "C:\Users\anilk\Desktop\AI Road\.venv\Lib\site-packages\sqlalchemy\orm\session.py", line 2373, in execute
    return self._execute_internal(
           ~~~~~~~~~~~~~~~~~~~~~~^
        statement,
        ^^^^^^^^^^
    ...<4 lines>...
        _add_event=_add_event,
        ^^^^^^^^^^^^^^^^^^^^^^
    )
    ^
  File "C:\Users\anilk\Desktop\AI Road\.venv\Lib\site-packages\sqlalchemy\orm\session.py", line 2271, in _execute_internal
    result: Result[Any] = compile_state_cls.orm_execute_statement(
                          ~~~~~~~~~~~~~~~~~~~~~~~~~~~~~~~~~~~~~~~^
        self,
        ^^^^^
    ...<4 lines>...
        conn,
        ^^^^^
    )
    ^
  File "C:\Users\anilk\Desktop\AI Road\.venv\Lib\site-packages\sqlalchemy\orm\context.py", line 306, in orm_execute_statement
    result = conn.execute(
        statement, params or {}, execution_options=execution_options
    )
  File "C:\Users\anilk\Desktop\AI Road\.venv\Lib\site-packages\sqlalchemy\engine\base.py", line 1421, in execute
    return meth(
        self,
        distilled_parameters,
        execution_options or NO_OPTIONS,
    )
  File "C:\Users\anilk\Desktop\AI Road\.venv\Lib\site-packages\sqlalchemy\sql\elements.py", line 526, in _execute_on_connection
    return connection._execute_clauseelement(
           ~~~~~~~~~~~~~~~~~~~~~~~~~~~~~~~~~^
        self, distilled_params, execution_options
        ^^^^^^^^^^^^^^^^^^^^^^^^^^^^^^^^^^^^^^^^^
    )
    ^
  File "C:\Users\anilk\Desktop\AI Road\.venv\Lib\site-packages\sqlalchemy\engine\base.py", line 1643, in _execute_clauseelement
    ret = self._execute_context(
        dialect,
    ...<8 lines>...
        cache_hit=cache_hit,
    )
  File "C:\Users\anilk\Desktop\AI Road\.venv\Lib\site-packages\sqlalchemy\engine\base.py", line 1848, in _execute_context
    return self._exec_single_context(
           ~~~~~~~~~~~~~~~~~~~~~~~~~^
        dialect, context, statement, parameters
        ^^^^^^^^^^^^^^^^^^^^^^^^^^^^^^^^^^^^^^^
    )
    ^
  File "C:\Users\anilk\Desktop\AI Road\.venv\Lib\site-packages\sqlalchemy\engine\base.py", line 1988, in _exec_single_context
    self._handle_dbapi_exception(
    ~~~~~~~~~~~~~~~~~~~~~~~~~~~~^
        e, str_statement, effective_parameters, cursor, context
        ^^^^^^^^^^^^^^^^^^^^^^^^^^^^^^^^^^^^^^^^^^^^^^^^^^^^^^^
    )
    ^
  File "C:\Users\anilk\Desktop\AI Road\.venv\Lib\site-packages\sqlalchemy\engine\base.py", line 2365, in _handle_dbapi_exception
    raise sqlalchemy_exception.with_traceback(exc_info[2]) from e
  File "C:\Users\anilk\Desktop\AI Road\.venv\Lib\site-packages\sqlalchemy\engine\base.py", line 1969, in _exec_single_context
    self.dialect.do_execute(
    ~~~~~~~~~~~~~~~~~~~~~~~^
        cursor, str_statement, effective_parameters, context
        ^^^^^^^^^^^^^^^^^^^^^^^^^^^^^^^^^^^^^^^^^^^^^^^^^^^^
    )
    ^
  File "C:\Users\anilk\Desktop\AI Road\.venv\Lib\site-packages\sqlalchemy\engine\default.py", line 952, in do_execute
    cursor.execute(statement, parameters)
    ~~~~~~~~~~~~~~^^^^^^^^^^^^^^^^^^^^^^^
sqlalchemy.exc.OperationalError: (sqlite3.OperationalError) no such column: reports.road_name
[SQL: SELECT reports.id AS reports_id, reports.user_id AS reports_user_id, reports.road_id AS reports_road_id, reports.title AS reports_title, reports.description AS reports_description, reports.road_name AS reports_road_name, reports.latitude AS reports_latitude, reports.longitude AS reports_longitude, reports.city AS reports_city, reports.district AS reports_district, reports.state AS reports_state, reports.pincode AS reports_pincode, reports.weather AS reports_weather, reports.weather_conditions AS reports_weather_conditions, reports.device_info AS reports_device_info, reports.vehicle_speed AS reports_vehicle_speed, reports.direction AS reports_direction, reports.reported_at AS reports_reported_at, reports.report_source AS reports_report_source, reports.analysis_source AS reports_analysis_source, reports.satellite_verified AS reports_satellite_verified, reports.damage_type AS reports_damage_type, reports.severity AS reports_severity, reports.status AS reports_status, reports.repair_priority AS reports_repair_priority, reports.damage_count AS reports_damage_count, reports.pothole_count AS reports_pothole_count, reports.average_pothole_size AS reports_average_pothole_size, reports.crack_length AS reports_crack_length, reports.damage_area AS reports_damage_area, reports.damage_length AS reports_damage_length, reports.damage_width AS reports_damage_width, reports.damage_depth AS reports_damage_depth, reports.damage_percentage AS reports_damage_percentage, reports.road_health_index AS reports_road_health_index, reports.predicted_failure_risk AS reports_predicted_failure_risk, reports.repair_difficulty AS reports_repair_difficulty, reports.estimated_repair_cost AS reports_estimated_repair_cost, reports.estimated_duration AS reports_estimated_duration, reports.expected_completion_date AS reports_expected_completion_date, reports.assigned_engineer AS reports_assigned_engineer, reports.assigned_contractor AS reports_assigned_contractor, reports.contractor_assignment AS reports_contractor_assignment, reports.engineer_verified AS reports_engineer_verified, reports.budget_utilization AS reports_budget_utilization, reports.material_estimates AS reports_material_estimates, reports.cost_breakdown AS reports_cost_breakdown, reports.audit_log AS reports_audit_log, reports.files AS reports_files, reports.predictions AS reports_predictions, reports.created_at AS reports_created_at, reports.last_updated AS reports_last_updated, reports.workflow_status AS reports_workflow_status, reports.accepted_deadline AS reports_accepted_deadline, reports.notification_sent_at AS reports_notification_sent_at, reports.contractor_response_deadline AS reports_contractor_response_deadline 
FROM reports ORDER BY reports.created_at DESC]
(Background on this error at: https://sqlalche.me/e/20/e3q8)
ERROR:    Exception in ASGI application
Traceback (most recent call last):
  File "C:\Users\anilk\Desktop\AI Road\.venv\Lib\site-packages\sqlalchemy\engine\base.py", line 1969, in _exec_single_context
    self.dialect.do_execute(
    ~~~~~~~~~~~~~~~~~~~~~~~^
        cursor, str_statement, effective_parameters, context
        ^^^^^^^^^^^^^^^^^^^^^^^^^^^^^^^^^^^^^^^^^^^^^^^^^^^^
    )
    ^
  File "C:\Users\anilk\Desktop\AI Road\.venv\Lib\site-packages\sqlalchemy\engine\default.py", line 952, in do_execute
    cursor.execute(statement, parameters)
    ~~~~~~~~~~~~~~^^^^^^^^^^^^^^^^^^^^^^^
sqlite3.OperationalError: table reports has no column named road_name

The above exception was the direct cause of the following exception:

Traceback (most recent call last):
  File "C:\Users\anilk\Desktop\AI Road\.venv\Lib\site-packages\uvicorn\protocols\http\httptools_impl.py", line 422, in run_asgi
    result = await app(  # type: ignore[func-returns-value]
             ^^^^^^^^^^^^^^^^^^^^^^^^^^^^^^^^^^^^^^^^^^^^^^
        self.scope, self.receive, self.send
        ^^^^^^^^^^^^^^^^^^^^^^^^^^^^^^^^^^^
    )
    ^
  File "C:\Users\anilk\Desktop\AI Road\.venv\Lib\site-packages\uvicorn\middleware\proxy_headers.py", line 63, in __call__
    return await self.app(scope, receive, send)
           ^^^^^^^^^^^^^^^^^^^^^^^^^^^^^^^^^^^^
  File "C:\Users\anilk\Desktop\AI Road\.venv\Lib\site-packages\fastapi\applications.py", line 1163, in __call__
    await super().__call__(scope, receive, send)
  File "C:\Users\anilk\Desktop\AI Road\.venv\Lib\site-packages\starlette\applications.py", line 96, in __call__
    await self.middleware_stack(scope, receive, send)
  File "C:\Users\anilk\Desktop\AI Road\.venv\Lib\site-packages\starlette\middleware\errors.py", line 186, in __call__
    raise exc
  File "C:\Users\anilk\Desktop\AI Road\.venv\Lib\site-packages\starlette\middleware\errors.py", line 164, in __call__
    await self.app(scope, receive, _send)
  File "C:\Users\anilk\Desktop\AI Road\.venv\Lib\site-packages\starlette\middleware\cors.py", line 96, in __call__
    await self.simple_response(scope, receive, send, request_headers=headers)
  File "C:\Users\anilk\Desktop\AI Road\.venv\Lib\site-packages\starlette\middleware\cors.py", line 154, in simple_response
    await self.app(scope, receive, send)
  File "C:\Users\anilk\Desktop\AI Road\.venv\Lib\site-packages\starlette\middleware\exceptions.py", line 63, in __call__
    await wrap_app_handling_exceptions(self.app, conn)(scope, receive, send)
  File "C:\Users\anilk\Desktop\AI Road\.venv\Lib\site-packages\starlette\_exception_handler.py", line 53, in wrapped_app
    raise exc
  File "C:\Users\anilk\Desktop\AI Road\.venv\Lib\site-packages\starlette\_exception_handler.py", line 42, in wrapped_app
    await app(scope, receive, sender)
  File "C:\Users\anilk\Desktop\AI Road\.venv\Lib\site-packages\fastapi\middleware\asyncexitstack.py", line 18, in __call__
    await self.app(scope, receive, send)
  File "C:\Users\anilk\Desktop\AI Road\.venv\Lib\site-packages\starlette\routing.py", line 670, in __call__
    await self.middleware_stack(scope, receive, send)
  File "C:\Users\anilk\Desktop\AI Road\.venv\Lib\site-packages\fastapi\routing.py", line 2734, in app
    await route.handle(scope, receive, send)
  File "C:\Users\anilk\Desktop\AI Road\.venv\Lib\site-packages\fastapi\routing.py", line 1780, in handle
    await self.original_router.handle(scope, receive, send)
  File "C:\Users\anilk\Desktop\AI Road\.venv\Lib\site-packages\fastapi\routing.py", line 2789, in handle
    await included_router._handle_selected(scope, receive, send)
  File "C:\Users\anilk\Desktop\AI Road\.venv\Lib\site-packages\fastapi\routing.py", line 1800, in _handle_selected
    await original_route.handle(scope, receive, send)
  File "C:\Users\anilk\Desktop\AI Road\.venv\Lib\site-packages\fastapi\routing.py", line 1279, in handle
    await app(scope, receive, send)
  File "C:\Users\anilk\Desktop\AI Road\.venv\Lib\site-packages\fastapi\routing.py", line 158, in app
    await wrap_app_handling_exceptions(app, request)(scope, receive, send)
  File "C:\Users\anilk\Desktop\AI Road\.venv\Lib\site-packages\starlette\_exception_handler.py", line 53, in wrapped_app
    raise exc
  File "C:\Users\anilk\Desktop\AI Road\.venv\Lib\site-packages\starlette\_exception_handler.py", line 42, in wrapped_app
    await app(scope, receive, sender)
  File "C:\Users\anilk\Desktop\AI Road\.venv\Lib\site-packages\fastapi\routing.py", line 144, in app
    response = await f(request)
               ^^^^^^^^^^^^^^^^
  File "C:\Users\anilk\Desktop\AI Road\.venv\Lib\site-packages\fastapi\routing.py", line 706, in app
    raw_response = await run_endpoint_function(
                   ^^^^^^^^^^^^^^^^^^^^^^^^^^^^
    ...<3 lines>...
    )
    ^
  File "C:\Users\anilk\Desktop\AI Road\.venv\Lib\site-packages\fastapi\routing.py", line 352, in run_endpoint_function
    return await dependant.call(**values)
           ^^^^^^^^^^^^^^^^^^^^^^^^^^^^^^
  File "C:\Users\anilk\Desktop\AI Road\backend\app\api\reports.py", line 230, in create_report
    db_report = crud.create_report(
        db,
    ...<9 lines>...
        budget_utilization=budget_utilization,
    )
  File "C:\Users\anilk\Desktop\AI Road\backend\app\crud.py", line 130, in create_report
    db.commit()
    ~~~~~~~~~^^
  File "C:\Users\anilk\Desktop\AI Road\.venv\Lib\site-packages\sqlalchemy\orm\session.py", line 2035, in commit
    trans.commit(_to_root=True)
    ~~~~~~~~~~~~^^^^^^^^^^^^^^^
  File "<string>", line 2, in commit
  File "C:\Users\anilk\Desktop\AI Road\.venv\Lib\site-packages\sqlalchemy\orm\state_changes.py", line 137, in _go
    ret_value = fn(self, *arg, **kw)
  File "C:\Users\anilk\Desktop\AI Road\.venv\Lib\site-packages\sqlalchemy\orm\session.py", line 1316, in commit
    self._prepare_impl()
    ~~~~~~~~~~~~~~~~~~^^
  File "<string>", line 2, in _prepare_impl
  File "C:\Users\anilk\Desktop\AI Road\.venv\Lib\site-packages\sqlalchemy\orm\state_changes.py", line 137, in _go
    ret_value = fn(self, *arg, **kw)
  File "C:\Users\anilk\Desktop\AI Road\.venv\Lib\site-packages\sqlalchemy\orm\session.py", line 1290, in _prepare_impl
    self.session.flush()
    ~~~~~~~~~~~~~~~~~~^^
  File "C:\Users\anilk\Desktop\AI Road\.venv\Lib\site-packages\sqlalchemy\orm\session.py", line 4353, in flush
    self._flush(objects)
    ~~~~~~~~~~~^^^^^^^^^
  File "C:\Users\anilk\Desktop\AI Road\.venv\Lib\site-packages\sqlalchemy\orm\session.py", line 4488, in _flush
    with util.safe_reraise():
         ~~~~~~~~~~~~~~~~~^^
  File "C:\Users\anilk\Desktop\AI Road\.venv\Lib\site-packages\sqlalchemy\util\langhelpers.py", line 122, in __exit__
    raise exc_value.with_traceback(exc_tb)
  File "C:\Users\anilk\Desktop\AI Road\.venv\Lib\site-packages\sqlalchemy\orm\session.py", line 4449, in _flush
    flush_context.execute()
    ~~~~~~~~~~~~~~~~~~~~~^^
  File "C:\Users\anilk\Desktop\AI Road\.venv\Lib\site-packages\sqlalchemy\orm\unitofwork.py", line 465, in execute
    rec.execute(self)
    ~~~~~~~~~~~^^^^^^
  File "C:\Users\anilk\Desktop\AI Road\.venv\Lib\site-packages\sqlalchemy\orm\unitofwork.py", line 641, in execute
    util.preloaded.orm_persistence.save_obj(
    ~~~~~~~~~~~~~~~~~~~~~~~~~~~~~~~~~~~~~~~^
        self.mapper,
        ^^^^^^^^^^^^
        uow.states_for_mapper_hierarchy(self.mapper, False, False),
        ^^^^^^^^^^^^^^^^^^^^^^^^^^^^^^^^^^^^^^^^^^^^^^^^^^^^^^^^^^^
        uow,
        ^^^^
    )
    ^
  File "C:\Users\anilk\Desktop\AI Road\.venv\Lib\site-packages\sqlalchemy\orm\persistence.py", line 94, in save_obj
    _emit_insert_statements(
    ~~~~~~~~~~~~~~~~~~~~~~~^
        base_mapper,
        ^^^^^^^^^^^^
    ...<3 lines>...
        insert,
        ^^^^^^^
    )
    ^
  File "C:\Users\anilk\Desktop\AI Road\.venv\Lib\site-packages\sqlalchemy\orm\persistence.py", line 1234, in _emit_insert_statements
    result = connection.execute(
        statement,
        params,
        execution_options=execution_options,
    )
  File "C:\Users\anilk\Desktop\AI Road\.venv\Lib\site-packages\sqlalchemy\engine\base.py", line 1421, in execute
    return meth(
        self,
        distilled_parameters,
        execution_options or NO_OPTIONS,
    )
  File "C:\Users\anilk\Desktop\AI Road\.venv\Lib\site-packages\sqlalchemy\sql\elements.py", line 526, in _execute_on_connection
    return connection._execute_clauseelement(
           ~~~~~~~~~~~~~~~~~~~~~~~~~~~~~~~~~^
        self, distilled_params, execution_options
        ^^^^^^^^^^^^^^^^^^^^^^^^^^^^^^^^^^^^^^^^^
    )
    ^
  File "C:\Users\anilk\Desktop\AI Road\.venv\Lib\site-packages\sqlalchemy\engine\base.py", line 1643, in _execute_clauseelement
    ret = self._execute_context(
        dialect,
    ...<8 lines>...
        cache_hit=cache_hit,
    )
  File "C:\Users\anilk\Desktop\AI Road\.venv\Lib\site-packages\sqlalchemy\engine\base.py", line 1848, in _execute_context
    return self._exec_single_context(
           ~~~~~~~~~~~~~~~~~~~~~~~~~^
        dialect, context, statement, parameters
        ^^^^^^^^^^^^^^^^^^^^^^^^^^^^^^^^^^^^^^^
    )
    ^
  File "C:\Users\anilk\Desktop\AI Road\.venv\Lib\site-packages\sqlalchemy\engine\base.py", line 1988, in _exec_single_context
    self._handle_dbapi_exception(
    ~~~~~~~~~~~~~~~~~~~~~~~~~~~~^
        e, str_statement, effective_parameters, cursor, context
        ^^^^^^^^^^^^^^^^^^^^^^^^^^^^^^^^^^^^^^^^^^^^^^^^^^^^^^^
    )
    ^
  File "C:\Users\anilk\Desktop\AI Road\.venv\Lib\site-packages\sqlalchemy\engine\base.py", line 2365, in _handle_dbapi_exception
    raise sqlalchemy_exception.with_traceback(exc_info[2]) from e
  File "C:\Users\anilk\Desktop\AI Road\.venv\Lib\site-packages\sqlalchemy\engine\base.py", line 1969, in _exec_single_context
    self.dialect.do_execute(
    ~~~~~~~~~~~~~~~~~~~~~~~^
        cursor, str_statement, effective_parameters, context
        ^^^^^^^^^^^^^^^^^^^^^^^^^^^^^^^^^^^^^^^^^^^^^^^^^^^^
    )
    ^
  File "C:\Users\anilk\Desktop\AI Road\.venv\Lib\site-packages\sqlalchemy\engine\default.py", line 952, in do_execute
    cursor.execute(statement, parameters)
    ~~~~~~~~~~~~~~^^^^^^^^^^^^^^^^^^^^^^^
sqlalchemy.exc.OperationalError: (sqlite3.OperationalError) table reports has no column named road_name
[SQL: INSERT INTO reports (user_id, road_id, title, description, road_name, latitude, longitude, city, district, state, pincode, weather, weather_conditions, device_info, vehicle_speed, direction, reported_at, report_source, analysis_source, satellite_verified, damage_type, severity, status, repair_priority, damage_count, pothole_count, average_pothole_size, crack_length, damage_area, damage_length, damage_width, damage_depth, damage_percentage, road_health_index, predicted_failure_risk, repair_difficulty, estimated_repair_cost, estimated_duration, expected_completion_date, assigned_engineer, assigned_contractor, contractor_assignment, engineer_verified, budget_utilization, material_estimates, cost_breakdown, files, predictions, created_at, last_updated, workflow_status, accepted_deadline, notification_sent_at, contractor_response_deadline) VALUES (?, ?, ?, ?, ?, ?, ?, ?, ?, ?, ?, ?, ?, ?, ?, ?, ?, ?, ?, ?, ?, ?, ?, ?, ?, ?, ?, ?, ?, ?, ?, ?, ?, ?, ?, ?, ?, ?, ?, ?, ?, ?, ?, ?, ?, ?, ?, ?, ?, ?, ?, ?, ?, ?)]
[parameters: (3, None, 'Live road camera inspection 27/8/2026, 9:28:13 am', 'Frame captured from live road monitoring camera.', None, 13.026423547859922, 80.01701288482491, None, None, None, None, None, None, '{"source": "live_camera", "captured_at": "2026-08-27T03:58:13.309Z"}', None, None, None, 'live_camera', 'ai', 0, None, 'unknown', 'reported', None, None, None, None, None, None, None, None, None, None, None, None, None, None, None, None, None, None, None, 0, None, 'null', 'null', '["live-road-frame.jpg"]', '{"tool": "local-fallback", "severity": "unknown", "message": "No AI service configured or no media attached; using fallback detection."}', '2026-08-27 03:58:13.358777', '2026-08-27 03:58:13.368155', 'reported', None, None, None)]
(Background on this error at: https://sqlalche.me/e/20/e3q8)
ERROR:    Exception in ASGI application
Traceback (most recent call last):
  File "C:\Users\anilk\Desktop\AI Road\.venv\Lib\site-packages\sqlalchemy\engine\base.py", line 1969, in _exec_single_context
    self.dialect.do_execute(
    ~~~~~~~~~~~~~~~~~~~~~~~^
        cursor, str_statement, effective_parameters, context
        ^^^^^^^^^^^^^^^^^^^^^^^^^^^^^^^^^^^^^^^^^^^^^^^^^^^^
    )
    ^
  File "C:\Users\anilk\Desktop\AI Road\.venv\Lib\site-packages\sqlalchemy\engine\default.py", line 952, in do_execute
    cursor.execute(statement, parameters)
    ~~~~~~~~~~~~~~^^^^^^^^^^^^^^^^^^^^^^^
sqlite3.OperationalError: table reports has no column named road_name

The above exception was the direct cause of the following exception:

Traceback (most recent call last):
  File "C:\Users\anilk\Desktop\AI Road\.venv\Lib\site-packages\uvicorn\protocols\http\httptools_impl.py", line 422, in run_asgi
    result = await app(  # type: ignore[func-returns-value]
             ^^^^^^^^^^^^^^^^^^^^^^^^^^^^^^^^^^^^^^^^^^^^^^
        self.scope, self.receive, self.send
        ^^^^^^^^^^^^^^^^^^^^^^^^^^^^^^^^^^^
    )
    ^
  File "C:\Users\anilk\Desktop\AI Road\.venv\Lib\site-packages\uvicorn\middleware\proxy_headers.py", line 63, in __call__
    return await self.app(scope, receive, send)
           ^^^^^^^^^^^^^^^^^^^^^^^^^^^^^^^^^^^^
  File "C:\Users\anilk\Desktop\AI Road\.venv\Lib\site-packages\fastapi\applications.py", line 1163, in __call__
    await super().__call__(scope, receive, send)
  File "C:\Users\anilk\Desktop\AI Road\.venv\Lib\site-packages\starlette\applications.py", line 96, in __call__
    await self.middleware_stack(scope, receive, send)
  File "C:\Users\anilk\Desktop\AI Road\.venv\Lib\site-packages\starlette\middleware\errors.py", line 186, in __call__
    raise exc
  File "C:\Users\anilk\Desktop\AI Road\.venv\Lib\site-packages\starlette\middleware\errors.py", line 164, in __call__
    await self.app(scope, receive, _send)
  File "C:\Users\anilk\Desktop\AI Road\.venv\Lib\site-packages\starlette\middleware\cors.py", line 96, in __call__
    await self.simple_response(scope, receive, send, request_headers=headers)
  File "C:\Users\anilk\Desktop\AI Road\.venv\Lib\site-packages\starlette\middleware\cors.py", line 154, in simple_response
    await self.app(scope, receive, send)
  File "C:\Users\anilk\Desktop\AI Road\.venv\Lib\site-packages\starlette\middleware\exceptions.py", line 63, in __call__
    await wrap_app_handling_exceptions(self.app, conn)(scope, receive, send)
  File "C:\Users\anilk\Desktop\AI Road\.venv\Lib\site-packages\starlette\_exception_handler.py", line 53, in wrapped_app
    raise exc
  File "C:\Users\anilk\Desktop\AI Road\.venv\Lib\site-packages\starlette\_exception_handler.py", line 42, in wrapped_app
    await app(scope, receive, sender)
  File "C:\Users\anilk\Desktop\AI Road\.venv\Lib\site-packages\fastapi\middleware\asyncexitstack.py", line 18, in __call__
    await self.app(scope, receive, send)
  File "C:\Users\anilk\Desktop\AI Road\.venv\Lib\site-packages\starlette\routing.py", line 670, in __call__
    await self.middleware_stack(scope, receive, send)
  File "C:\Users\anilk\Desktop\AI Road\.venv\Lib\site-packages\fastapi\routing.py", line 2734, in app
    await route.handle(scope, receive, send)
  File "C:\Users\anilk\Desktop\AI Road\.venv\Lib\site-packages\fastapi\routing.py", line 1780, in handle
    await self.original_router.handle(scope, receive, send)
  File "C:\Users\anilk\Desktop\AI Road\.venv\Lib\site-packages\fastapi\routing.py", line 2789, in handle
    await included_router._handle_selected(scope, receive, send)
  File "C:\Users\anilk\Desktop\AI Road\.venv\Lib\site-packages\fastapi\routing.py", line 1800, in _handle_selected
    await original_route.handle(scope, receive, send)
  File "C:\Users\anilk\Desktop\AI Road\.venv\Lib\site-packages\fastapi\routing.py", line 1279, in handle
    await app(scope, receive, send)
  File "C:\Users\anilk\Desktop\AI Road\.venv\Lib\site-packages\fastapi\routing.py", line 158, in app
    await wrap_app_handling_exceptions(app, request)(scope, receive, send)
  File "C:\Users\anilk\Desktop\AI Road\.venv\Lib\site-packages\starlette\_exception_handler.py", line 53, in wrapped_app
    raise exc
  File "C:\Users\anilk\Desktop\AI Road\.venv\Lib\site-packages\starlette\_exception_handler.py", line 42, in wrapped_app
    await app(scope, receive, sender)
  File "C:\Users\anilk\Desktop\AI Road\.venv\Lib\site-packages\fastapi\routing.py", line 144, in app
    response = await f(request)
               ^^^^^^^^^^^^^^^^
  File "C:\Users\anilk\Desktop\AI Road\.venv\Lib\site-packages\fastapi\routing.py", line 706, in app
    raw_response = await run_endpoint_function(
                   ^^^^^^^^^^^^^^^^^^^^^^^^^^^^
    ...<3 lines>...
    )
    ^
  File "C:\Users\anilk\Desktop\AI Road\.venv\Lib\site-packages\fastapi\routing.py", line 352, in run_endpoint_function
    return await dependant.call(**values)
           ^^^^^^^^^^^^^^^^^^^^^^^^^^^^^^
  File "C:\Users\anilk\Desktop\AI Road\backend\app\api\reports.py", line 230, in create_report
    db_report = crud.create_report(
        db,
    ...<9 lines>...
        budget_utilization=budget_utilization,
    )
  File "C:\Users\anilk\Desktop\AI Road\backend\app\crud.py", line 130, in create_report
    db.commit()
    ~~~~~~~~~^^
  File "C:\Users\anilk\Desktop\AI Road\.venv\Lib\site-packages\sqlalchemy\orm\session.py", line 2035, in commit
    trans.commit(_to_root=True)
    ~~~~~~~~~~~~^^^^^^^^^^^^^^^
  File "<string>", line 2, in commit
  File "C:\Users\anilk\Desktop\AI Road\.venv\Lib\site-packages\sqlalchemy\orm\state_changes.py", line 137, in _go
    ret_value = fn(self, *arg, **kw)
  File "C:\Users\anilk\Desktop\AI Road\.venv\Lib\site-packages\sqlalchemy\orm\session.py", line 1316, in commit
    self._prepare_impl()
    ~~~~~~~~~~~~~~~~~~^^
  File "<string>", line 2, in _prepare_impl
  File "C:\Users\anilk\Desktop\AI Road\.venv\Lib\site-packages\sqlalchemy\orm\state_changes.py", line 137, in _go
    ret_value = fn(self, *arg, **kw)
  File "C:\Users\anilk\Desktop\AI Road\.venv\Lib\site-packages\sqlalchemy\orm\session.py", line 1290, in _prepare_impl
    self.session.flush()
    ~~~~~~~~~~~~~~~~~~^^
  File "C:\Users\anilk\Desktop\AI Road\.venv\Lib\site-packages\sqlalchemy\orm\session.py", line 4353, in flush
    self._flush(objects)
    ~~~~~~~~~~~^^^^^^^^^
  File "C:\Users\anilk\Desktop\AI Road\.venv\Lib\site-packages\sqlalchemy\orm\session.py", line 4488, in _flush
    with util.safe_reraise():
         ~~~~~~~~~~~~~~~~~^^
  File "C:\Users\anilk\Desktop\AI Road\.venv\Lib\site-packages\sqlalchemy\util\langhelpers.py", line 122, in __exit__
    raise exc_value.with_traceback(exc_tb)
  File "C:\Users\anilk\Desktop\AI Road\.venv\Lib\site-packages\sqlalchemy\orm\session.py", line 4449, in _flush
    flush_context.execute()
    ~~~~~~~~~~~~~~~~~~~~~^^
  File "C:\Users\anilk\Desktop\AI Road\.venv\Lib\site-packages\sqlalchemy\orm\unitofwork.py", line 465, in execute
    rec.execute(self)
    ~~~~~~~~~~~^^^^^^
  File "C:\Users\anilk\Desktop\AI Road\.venv\Lib\site-packages\sqlalchemy\orm\unitofwork.py", line 641, in execute
    util.preloaded.orm_persistence.save_obj(
    ~~~~~~~~~~~~~~~~~~~~~~~~~~~~~~~~~~~~~~~^
        self.mapper,
        ^^^^^^^^^^^^
        uow.states_for_mapper_hierarchy(self.mapper, False, False),
        ^^^^^^^^^^^^^^^^^^^^^^^^^^^^^^^^^^^^^^^^^^^^^^^^^^^^^^^^^^^
        uow,
        ^^^^
    )
    ^
  File "C:\Users\anilk\Desktop\AI Road\.venv\Lib\site-packages\sqlalchemy\orm\persistence.py", line 94, in save_obj
    _emit_insert_statements(
    ~~~~~~~~~~~~~~~~~~~~~~~^
        base_mapper,
        ^^^^^^^^^^^^
    ...<3 lines>...
        insert,
        ^^^^^^^
    )
    ^
  File "C:\Users\anilk\Desktop\AI Road\.venv\Lib\site-packages\sqlalchemy\orm\persistence.py", line 1234, in _emit_insert_statements
    result = connection.execute(
        statement,
        params,
        execution_options=execution_options,
    )
  File "C:\Users\anilk\Desktop\AI Road\.venv\Lib\site-packages\sqlalchemy\engine\base.py", line 1421, in execute
    return meth(
        self,
        distilled_parameters,
        execution_options or NO_OPTIONS,
    )
  File "C:\Users\anilk\Desktop\AI Road\.venv\Lib\site-packages\sqlalchemy\sql\elements.py", line 526, in _execute_on_connection
    return connection._execute_clauseelement(
           ~~~~~~~~~~~~~~~~~~~~~~~~~~~~~~~~~^
        self, distilled_params, execution_options
        ^^^^^^^^^^^^^^^^^^^^^^^^^^^^^^^^^^^^^^^^^
    )
    ^
  File "C:\Users\anilk\Desktop\AI Road\.venv\Lib\site-packages\sqlalchemy\engine\base.py", line 1643, in _execute_clauseelement
    ret = self._execute_context(
        dialect,
    ...<8 lines>...
        cache_hit=cache_hit,
    )
  File "C:\Users\anilk\Desktop\AI Road\.venv\Lib\site-packages\sqlalchemy\engine\base.py", line 1848, in _execute_context
    return self._exec_single_context(
           ~~~~~~~~~~~~~~~~~~~~~~~~~^
        dialect, context, statement, parameters
        ^^^^^^^^^^^^^^^^^^^^^^^^^^^^^^^^^^^^^^^
    )
    ^
  File "C:\Users\anilk\Desktop\AI Road\.venv\Lib\site-packages\sqlalchemy\engine\base.py", line 1988, in _exec_single_context
    self._handle_dbapi_exception(
    ~~~~~~~~~~~~~~~~~~~~~~~~~~~~^
        e, str_statement, effective_parameters, cursor, context
        ^^^^^^^^^^^^^^^^^^^^^^^^^^^^^^^^^^^^^^^^^^^^^^^^^^^^^^^
    )
    ^
  File "C:\Users\anilk\Desktop\AI Road\.venv\Lib\site-packages\sqlalchemy\engine\base.py", line 2365, in _handle_dbapi_exception
    raise sqlalchemy_exception.with_traceback(exc_info[2]) from e
  File "C:\Users\anilk\Desktop\AI Road\.venv\Lib\site-packages\sqlalchemy\engine\base.py", line 1969, in _exec_single_context
    self.dialect.do_execute(
    ~~~~~~~~~~~~~~~~~~~~~~~^
        cursor, str_statement, effective_parameters, context
        ^^^^^^^^^^^^^^^^^^^^^^^^^^^^^^^^^^^^^^^^^^^^^^^^^^^^
    )
    ^
  File "C:\Users\anilk\Desktop\AI Road\.venv\Lib\site-packages\sqlalchemy\engine\default.py", line 952, in do_execute
    cursor.execute(statement, parameters)
    ~~~~~~~~~~~~~~^^^^^^^^^^^^^^^^^^^^^^^
sqlalchemy.exc.OperationalError: (sqlite3.OperationalError) table reports has no column named road_name
[SQL: INSERT INTO reports (user_id, road_id, title, description, road_name, latitude, longitude, city, district, state, pincode, weather, weather_conditions, device_info, vehicle_speed, direction, reported_at, report_source, analysis_source, satellite_verified, damage_type, severity, status, repair_priority, damage_count, pothole_count, average_pothole_size, crack_length, damage_area, damage_length, damage_width, damage_depth, damage_percentage, road_health_index, predicted_failure_risk, repair_difficulty, estimated_repair_cost, estimated_duration, expected_completion_date, assigned_engineer, assigned_contractor, contractor_assignment, engineer_verified, budget_utilization, material_estimates, cost_breakdown, files, predictions, created_at, last_updated, workflow_status, accepted_deadline, notification_sent_at, contractor_response_deadline) VALUES (?, ?, ?, ?, ?, ?, ?, ?, ?, ?, ?, ?, ?, ?, ?, ?, ?, ?, ?, ?, ?, ?, ?, ?, ?, ?, ?, ?, ?, ?, ?, ?, ?, ?, ?, ?, ?, ?, ?, ?, ?, ?, ?, ?, ?, ?, ?, ?, ?, ?, ?, ?, ?, ?)]
[parameters: (3, None, 'Live road camera inspection 27/8/2026, 9:28:17 am', 'Frame captured from live road monitoring camera.', None, 13.026423547859922, 80.01701288482491, None, None, None, None, None, None, '{"source": "live_camera", "captured_at": "2026-08-27T03:58:17.991Z"}', None, None, None, 'live_camera', 'ai', 0, None, 'unknown', 'reported', None, None, None, None, None, None, None, None, None, None, None, None, None, None, None, None, None, None, None, 0, None, 'null', 'null', '["live-road-frame.jpg"]', '{"tool": "local-fallback", "severity": "unknown", "message": "No AI service configured or no media attached; using fallback detection."}', '2026-08-27 03:58:18.005815', '2026-08-27 03:58:18.007724', 'reported', None, None, None)]
(Background on this error at: https://sqlalche.me/e/20/e3q8)
ERROR:    Exception in ASGI application
Traceback (most recent call last):
  File "C:\Users\anilk\Desktop\AI Road\.venv\Lib\site-packages\sqlalchemy\engine\base.py", line 1969, in _exec_single_context
    self.dialect.do_execute(
    ~~~~~~~~~~~~~~~~~~~~~~~^
        cursor, str_statement, effective_parameters, context
        ^^^^^^^^^^^^^^^^^^^^^^^^^^^^^^^^^^^^^^^^^^^^^^^^^^^^
    )
    ^
  File "C:\Users\anilk\Desktop\AI Road\.venv\Lib\site-packages\sqlalchemy\engine\default.py", line 952, in do_execute
    cursor.execute(statement, parameters)
    ~~~~~~~~~~~~~~^^^^^^^^^^^^^^^^^^^^^^^
sqlite3.OperationalError: table reports has no column named road_name

The above exception was the direct cause of the following exception:

Traceback (most recent call last):
  File "C:\Users\anilk\Desktop\AI Road\.venv\Lib\site-packages\uvicorn\protocols\http\httptools_impl.py", line 422, in run_asgi
    result = await app(  # type: ignore[func-returns-value]
             ^^^^^^^^^^^^^^^^^^^^^^^^^^^^^^^^^^^^^^^^^^^^^^
        self.scope, self.receive, self.send
        ^^^^^^^^^^^^^^^^^^^^^^^^^^^^^^^^^^^
    )
    ^
  File "C:\Users\anilk\Desktop\AI Road\.venv\Lib\site-packages\uvicorn\middleware\proxy_headers.py", line 63, in __call__
    return await self.app(scope, receive, send)
           ^^^^^^^^^^^^^^^^^^^^^^^^^^^^^^^^^^^^
  File "C:\Users\anilk\Desktop\AI Road\.venv\Lib\site-packages\fastapi\applications.py", line 1163, in __call__
    await super().__call__(scope, receive, send)
  File "C:\Users\anilk\Desktop\AI Road\.venv\Lib\site-packages\starlette\applications.py", line 96, in __call__
    await self.middleware_stack(scope, receive, send)
  File "C:\Users\anilk\Desktop\AI Road\.venv\Lib\site-packages\starlette\middleware\errors.py", line 186, in __call__
    raise exc
  File "C:\Users\anilk\Desktop\AI Road\.venv\Lib\site-packages\starlette\middleware\errors.py", line 164, in __call__
    await self.app(scope, receive, _send)
  File "C:\Users\anilk\Desktop\AI Road\.venv\Lib\site-packages\starlette\middleware\cors.py", line 96, in __call__
    await self.simple_response(scope, receive, send, request_headers=headers)
  File "C:\Users\anilk\Desktop\AI Road\.venv\Lib\site-packages\starlette\middleware\cors.py", line 154, in simple_response
    await self.app(scope, receive, send)
  File "C:\Users\anilk\Desktop\AI Road\.venv\Lib\site-packages\starlette\middleware\exceptions.py", line 63, in __call__
    await wrap_app_handling_exceptions(self.app, conn)(scope, receive, send)
  File "C:\Users\anilk\Desktop\AI Road\.venv\Lib\site-packages\starlette\_exception_handler.py", line 53, in wrapped_app
    raise exc
  File "C:\Users\anilk\Desktop\AI Road\.venv\Lib\site-packages\starlette\_exception_handler.py", line 42, in wrapped_app
    await app(scope, receive, sender)
  File "C:\Users\anilk\Desktop\AI Road\.venv\Lib\site-packages\fastapi\middleware\asyncexitstack.py", line 18, in __call__
    await self.app(scope, receive, send)
  File "C:\Users\anilk\Desktop\AI Road\.venv\Lib\site-packages\starlette\routing.py", line 670, in __call__
    await self.middleware_stack(scope, receive, send)
  File "C:\Users\anilk\Desktop\AI Road\.venv\Lib\site-packages\fastapi\routing.py", line 2734, in app
    await route.handle(scope, receive, send)
  File "C:\Users\anilk\Desktop\AI Road\.venv\Lib\site-packages\fastapi\routing.py", line 1780, in handle
    await self.original_router.handle(scope, receive, send)
  File "C:\Users\anilk\Desktop\AI Road\.venv\Lib\site-packages\fastapi\routing.py", line 2789, in handle
    await included_router._handle_selected(scope, receive, send)
  File "C:\Users\anilk\Desktop\AI Road\.venv\Lib\site-packages\fastapi\routing.py", line 1800, in _handle_selected
    await original_route.handle(scope, receive, send)
  File "C:\Users\anilk\Desktop\AI Road\.venv\Lib\site-packages\fastapi\routing.py", line 1279, in handle
    await app(scope, receive, send)
  File "C:\Users\anilk\Desktop\AI Road\.venv\Lib\site-packages\fastapi\routing.py", line 158, in app
    await wrap_app_handling_exceptions(app, request)(scope, receive, send)
  File "C:\Users\anilk\Desktop\AI Road\.venv\Lib\site-packages\starlette\_exception_handler.py", line 53, in wrapped_app
    raise exc
  File "C:\Users\anilk\Desktop\AI Road\.venv\Lib\site-packages\starlette\_exception_handler.py", line 42, in wrapped_app
    await app(scope, receive, sender)
  File "C:\Users\anilk\Desktop\AI Road\.venv\Lib\site-packages\fastapi\routing.py", line 144, in app
    response = await f(request)
               ^^^^^^^^^^^^^^^^
  File "C:\Users\anilk\Desktop\AI Road\.venv\Lib\site-packages\fastapi\routing.py", line 706, in app
    raw_response = await run_endpoint_function(
                   ^^^^^^^^^^^^^^^^^^^^^^^^^^^^
    ...<3 lines>...
    )
    ^
  File "C:\Users\anilk\Desktop\AI Road\.venv\Lib\site-packages\fastapi\routing.py", line 352, in run_endpoint_function
    return await dependant.call(**values)
           ^^^^^^^^^^^^^^^^^^^^^^^^^^^^^^
  File "C:\Users\anilk\Desktop\AI Road\backend\app\api\reports.py", line 230, in create_report
    db_report = crud.create_report(
        db,
    ...<9 lines>...
        budget_utilization=budget_utilization,
    )
  File "C:\Users\anilk\Desktop\AI Road\backend\app\crud.py", line 130, in create_report
    db.commit()
    ~~~~~~~~~^^
  File "C:\Users\anilk\Desktop\AI Road\.venv\Lib\site-packages\sqlalchemy\orm\session.py", line 2035, in commit
    trans.commit(_to_root=True)
    ~~~~~~~~~~~~^^^^^^^^^^^^^^^
  File "<string>", line 2, in commit
  File "C:\Users\anilk\Desktop\AI Road\.venv\Lib\site-packages\sqlalchemy\orm\state_changes.py", line 137, in _go
    ret_value = fn(self, *arg, **kw)
  File "C:\Users\anilk\Desktop\AI Road\.venv\Lib\site-packages\sqlalchemy\orm\session.py", line 1316, in commit
    self._prepare_impl()
    ~~~~~~~~~~~~~~~~~~^^
  File "<string>", line 2, in _prepare_impl
  File "C:\Users\anilk\Desktop\AI Road\.venv\Lib\site-packages\sqlalchemy\orm\state_changes.py", line 137, in _go
    ret_value = fn(self, *arg, **kw)
  File "C:\Users\anilk\Desktop\AI Road\.venv\Lib\site-packages\sqlalchemy\orm\session.py", line 1290, in _prepare_impl
    self.session.flush()
    ~~~~~~~~~~~~~~~~~~^^
  File "C:\Users\anilk\Desktop\AI Road\.venv\Lib\site-packages\sqlalchemy\orm\session.py", line 4353, in flush
    self._flush(objects)
    ~~~~~~~~~~~^^^^^^^^^
  File "C:\Users\anilk\Desktop\AI Road\.venv\Lib\site-packages\sqlalchemy\orm\session.py", line 4488, in _flush
    with util.safe_reraise():
         ~~~~~~~~~~~~~~~~~^^
  File "C:\Users\anilk\Desktop\AI Road\.venv\Lib\site-packages\sqlalchemy\util\langhelpers.py", line 122, in __exit__
    raise exc_value.with_traceback(exc_tb)
  File "C:\Users\anilk\Desktop\AI Road\.venv\Lib\site-packages\sqlalchemy\orm\session.py", line 4449, in _flush
    flush_context.execute()
    ~~~~~~~~~~~~~~~~~~~~~^^
  File "C:\Users\anilk\Desktop\AI Road\.venv\Lib\site-packages\sqlalchemy\orm\unitofwork.py", line 465, in execute
    rec.execute(self)
    ~~~~~~~~~~~^^^^^^
  File "C:\Users\anilk\Desktop\AI Road\.venv\Lib\site-packages\sqlalchemy\orm\unitofwork.py", line 641, in execute
    util.preloaded.orm_persistence.save_obj(
    ~~~~~~~~~~~~~~~~~~~~~~~~~~~~~~~~~~~~~~~^
        self.mapper,
        ^^^^^^^^^^^^
        uow.states_for_mapper_hierarchy(self.mapper, False, False),
        ^^^^^^^^^^^^^^^^^^^^^^^^^^^^^^^^^^^^^^^^^^^^^^^^^^^^^^^^^^^
        uow,
        ^^^^
    )
    ^
  File "C:\Users\anilk\Desktop\AI Road\.venv\Lib\site-packages\sqlalchemy\orm\persistence.py", line 94, in save_obj
    _emit_insert_statements(
    ~~~~~~~~~~~~~~~~~~~~~~~^
        base_mapper,
        ^^^^^^^^^^^^
    ...<3 lines>...
        insert,
        ^^^^^^^
    )
    ^
  File "C:\Users\anilk\Desktop\AI Road\.venv\Lib\site-packages\sqlalchemy\orm\persistence.py", line 1234, in _emit_insert_statements
    result = connection.execute(
        statement,
        params,
        execution_options=execution_options,
    )
  File "C:\Users\anilk\Desktop\AI Road\.venv\Lib\site-packages\sqlalchemy\engine\base.py", line 1421, in execute
    return meth(
        self,
        distilled_parameters,
        execution_options or NO_OPTIONS,
    )
  File "C:\Users\anilk\Desktop\AI Road\.venv\Lib\site-packages\sqlalchemy\sql\elements.py", line 526, in _execute_on_connection
    return connection._execute_clauseelement(
           ~~~~~~~~~~~~~~~~~~~~~~~~~~~~~~~~~^
        self, distilled_params, execution_options
        ^^^^^^^^^^^^^^^^^^^^^^^^^^^^^^^^^^^^^^^^^
    )
    ^
  File "C:\Users\anilk\Desktop\AI Road\.venv\Lib\site-packages\sqlalchemy\engine\base.py", line 1643, in _execute_clauseelement
    ret = self._execute_context(
        dialect,
    ...<8 lines>...
        cache_hit=cache_hit,
    )
  File "C:\Users\anilk\Desktop\AI Road\.venv\Lib\site-packages\sqlalchemy\engine\base.py", line 1848, in _execute_context
    return self._exec_single_context(
           ~~~~~~~~~~~~~~~~~~~~~~~~~^
        dialect, context, statement, parameters
        ^^^^^^^^^^^^^^^^^^^^^^^^^^^^^^^^^^^^^^^
    )
    ^
  File "C:\Users\anilk\Desktop\AI Road\.venv\Lib\site-packages\sqlalchemy\engine\base.py", line 1988, in _exec_single_context
    self._handle_dbapi_exception(
    ~~~~~~~~~~~~~~~~~~~~~~~~~~~~^
        e, str_statement, effective_parameters, cursor, context
        ^^^^^^^^^^^^^^^^^^^^^^^^^^^^^^^^^^^^^^^^^^^^^^^^^^^^^^^
    )
    ^
  File "C:\Users\anilk\Desktop\AI Road\.venv\Lib\site-packages\sqlalchemy\engine\base.py", line 2365, in _handle_dbapi_exception
    raise sqlalchemy_exception.with_traceback(exc_info[2]) from e
  File "C:\Users\anilk\Desktop\AI Road\.venv\Lib\site-packages\sqlalchemy\engine\base.py", line 1969, in _exec_single_context
    self.dialect.do_execute(
    ~~~~~~~~~~~~~~~~~~~~~~~^
        cursor, str_statement, effective_parameters, context
        ^^^^^^^^^^^^^^^^^^^^^^^^^^^^^^^^^^^^^^^^^^^^^^^^^^^^
    )
    ^
  File "C:\Users\anilk\Desktop\AI Road\.venv\Lib\site-packages\sqlalchemy\engine\default.py", line 952, in do_execute
    cursor.execute(statement, parameters)
    ~~~~~~~~~~~~~~^^^^^^^^^^^^^^^^^^^^^^^
sqlalchemy.exc.OperationalError: (sqlite3.OperationalError) table reports has no column named road_name
[SQL: INSERT INTO reports (user_id, road_id, title, description, road_name, latitude, longitude, city, district, state, pincode, weather, weather_conditions, device_info, vehicle_speed, direction, reported_at, report_source, analysis_source, satellite_verified, damage_type, severity, status, repair_priority, damage_count, pothole_count, average_pothole_size, crack_length, damage_area, damage_length, damage_width, damage_depth, damage_percentage, road_health_index, predicted_failure_risk, repair_difficulty, estimated_repair_cost, estimated_duration, expected_completion_date, assigned_engineer, assigned_contractor, contractor_assignment, engineer_verified, budget_utilization, material_estimates, cost_breakdown, files, predictions, created_at, last_updated, workflow_status, accepted_deadline, notification_sent_at, contractor_response_deadline) VALUES (?, ?, ?, ?, ?, ?, ?, ?, ?, ?, ?, ?, ?, ?, ?, ?, ?, ?, ?, ?, ?, ?, ?, ?, ?, ?, ?, ?, ?, ?, ?, ?, ?, ?, ?, ?, ?, ?, ?, ?, ?, ?, ?, ?, ?, ?, ?, ?, ?, ?, ?, ?, ?, ?)]
[parameters: (3, None, 'Live road camera inspection 27/8/2026, 9:28:21 am', 'Frame captured from live road monitoring camera.', None, 13.026423547859922, 80.01701288482491, None, None, None, None, None, None, '{"source": "live_camera", "captured_at": "2026-08-27T03:58:21.296Z"}', None, None, None, 'live_camera', 'ai', 0, None, 'unknown', 'reported', None, None, None, None, None, None, None, None, None, None, None, None, None, None, None, None, None, None, None, 0, None, 'null', 'null', '["live-road-frame.jpg"]', '{"tool": "local-fallback", "severity": "unknown", "message": "No AI service configured or no media attached; using fallback detection."}', '2026-08-27 03:58:21.628208', '2026-08-27 03:58:21.629502', 'reported', None, None, None)]
(Background on this error at: https://sqlalche.me/e/20/e3q8)
ERROR:    Exception in ASGI application
Traceback (most recent call last):
  File "C:\Users\anilk\Desktop\AI Road\.venv\Lib\site-packages\sqlalchemy\engine\base.py", line 1969, in _exec_single_context
    self.dialect.do_execute(
    ~~~~~~~~~~~~~~~~~~~~~~~^
        cursor, str_statement, effective_parameters, context
        ^^^^^^^^^^^^^^^^^^^^^^^^^^^^^^^^^^^^^^^^^^^^^^^^^^^^
    )
    ^
  File "C:\Users\anilk\Desktop\AI Road\.venv\Lib\site-packages\sqlalchemy\engine\default.py", line 952, in do_execute
    cursor.execute(statement, parameters)
    ~~~~~~~~~~~~~~^^^^^^^^^^^^^^^^^^^^^^^
sqlite3.OperationalError: table reports has no column named road_name

The above exception was the direct cause of the following exception:

Traceback (most recent call last):
  File "C:\Users\anilk\Desktop\AI Road\.venv\Lib\site-packages\uvicorn\protocols\http\httptools_impl.py", line 422, in run_asgi
    result = await app(  # type: ignore[func-returns-value]
             ^^^^^^^^^^^^^^^^^^^^^^^^^^^^^^^^^^^^^^^^^^^^^^
        self.scope, self.receive, self.send
        ^^^^^^^^^^^^^^^^^^^^^^^^^^^^^^^^^^^
    )
    ^
  File "C:\Users\anilk\Desktop\AI Road\.venv\Lib\site-packages\uvicorn\middleware\proxy_headers.py", line 63, in __call__
    return await self.app(scope, receive, send)
           ^^^^^^^^^^^^^^^^^^^^^^^^^^^^^^^^^^^^
  File "C:\Users\anilk\Desktop\AI Road\.venv\Lib\site-packages\fastapi\applications.py", line 1163, in __call__
    await super().__call__(scope, receive, send)
  File "C:\Users\anilk\Desktop\AI Road\.venv\Lib\site-packages\starlette\applications.py", line 96, in __call__
    await self.middleware_stack(scope, receive, send)
  File "C:\Users\anilk\Desktop\AI Road\.venv\Lib\site-packages\starlette\middleware\errors.py", line 186, in __call__
    raise exc
  File "C:\Users\anilk\Desktop\AI Road\.venv\Lib\site-packages\starlette\middleware\errors.py", line 164, in __call__
    await self.app(scope, receive, _send)
  File "C:\Users\anilk\Desktop\AI Road\.venv\Lib\site-packages\starlette\middleware\cors.py", line 96, in __call__
    await self.simple_response(scope, receive, send, request_headers=headers)
  File "C:\Users\anilk\Desktop\AI Road\.venv\Lib\site-packages\starlette\middleware\cors.py", line 154, in simple_response
    await self.app(scope, receive, send)
  File "C:\Users\anilk\Desktop\AI Road\.venv\Lib\site-packages\starlette\middleware\exceptions.py", line 63, in __call__
    await wrap_app_handling_exceptions(self.app, conn)(scope, receive, send)
  File "C:\Users\anilk\Desktop\AI Road\.venv\Lib\site-packages\starlette\_exception_handler.py", line 53, in wrapped_app
    raise exc
  File "C:\Users\anilk\Desktop\AI Road\.venv\Lib\site-packages\starlette\_exception_handler.py", line 42, in wrapped_app
    await app(scope, receive, sender)
  File "C:\Users\anilk\Desktop\AI Road\.venv\Lib\site-packages\fastapi\middleware\asyncexitstack.py", line 18, in __call__
    await self.app(scope, receive, send)
  File "C:\Users\anilk\Desktop\AI Road\.venv\Lib\site-packages\starlette\routing.py", line 670, in __call__
    await self.middleware_stack(scope, receive, send)
  File "C:\Users\anilk\Desktop\AI Road\.venv\Lib\site-packages\fastapi\routing.py", line 2734, in app
    await route.handle(scope, receive, send)
  File "C:\Users\anilk\Desktop\AI Road\.venv\Lib\site-packages\fastapi\routing.py", line 1780, in handle
    await self.original_router.handle(scope, receive, send)
  File "C:\Users\anilk\Desktop\AI Road\.venv\Lib\site-packages\fastapi\routing.py", line 2789, in handle
    await included_router._handle_selected(scope, receive, send)
  File "C:\Users\anilk\Desktop\AI Road\.venv\Lib\site-packages\fastapi\routing.py", line 1800, in _handle_selected
    await original_route.handle(scope, receive, send)
  File "C:\Users\anilk\Desktop\AI Road\.venv\Lib\site-packages\fastapi\routing.py", line 1279, in handle
    await app(scope, receive, send)
  File "C:\Users\anilk\Desktop\AI Road\.venv\Lib\site-packages\fastapi\routing.py", line 158, in app
    await wrap_app_handling_exceptions(app, request)(scope, receive, send)
  File "C:\Users\anilk\Desktop\AI Road\.venv\Lib\site-packages\starlette\_exception_handler.py", line 53, in wrapped_app
    raise exc
  File "C:\Users\anilk\Desktop\AI Road\.venv\Lib\site-packages\starlette\_exception_handler.py", line 42, in wrapped_app
    await app(scope, receive, sender)
  File "C:\Users\anilk\Desktop\AI Road\.venv\Lib\site-packages\fastapi\routing.py", line 144, in app
    response = await f(request)
               ^^^^^^^^^^^^^^^^
  File "C:\Users\anilk\Desktop\AI Road\.venv\Lib\site-packages\fastapi\routing.py", line 706, in app
    raw_response = await run_endpoint_function(
                   ^^^^^^^^^^^^^^^^^^^^^^^^^^^^
    ...<3 lines>...
    )
    ^
  File "C:\Users\anilk\Desktop\AI Road\.venv\Lib\site-packages\fastapi\routing.py", line 352, in run_endpoint_function
    return await dependant.call(**values)
           ^^^^^^^^^^^^^^^^^^^^^^^^^^^^^^
  File "C:\Users\anilk\Desktop\AI Road\backend\app\api\reports.py", line 230, in create_report
    db_report = crud.create_report(
        db,
    ...<9 lines>...
        budget_utilization=budget_utilization,
    )
  File "C:\Users\anilk\Desktop\AI Road\backend\app\crud.py", line 130, in create_report
    db.commit()
    ~~~~~~~~~^^
  File "C:\Users\anilk\Desktop\AI Road\.venv\Lib\site-packages\sqlalchemy\orm\session.py", line 2035, in commit
    trans.commit(_to_root=True)
    ~~~~~~~~~~~~^^^^^^^^^^^^^^^
  File "<string>", line 2, in commit
  File "C:\Users\anilk\Desktop\AI Road\.venv\Lib\site-packages\sqlalchemy\orm\state_changes.py", line 137, in _go
    ret_value = fn(self, *arg, **kw)
  File "C:\Users\anilk\Desktop\AI Road\.venv\Lib\site-packages\sqlalchemy\orm\session.py", line 1316, in commit
    self._prepare_impl()
    ~~~~~~~~~~~~~~~~~~^^
  File "<string>", line 2, in _prepare_impl
  File "C:\Users\anilk\Desktop\AI Road\.venv\Lib\site-packages\sqlalchemy\orm\state_changes.py", line 137, in _go
    ret_value = fn(self, *arg, **kw)
  File "C:\Users\anilk\Desktop\AI Road\.venv\Lib\site-packages\sqlalchemy\orm\session.py", line 1290, in _prepare_impl
    self.session.flush()
    ~~~~~~~~~~~~~~~~~~^^
  File "C:\Users\anilk\Desktop\AI Road\.venv\Lib\site-packages\sqlalchemy\orm\session.py", line 4353, in flush
    self._flush(objects)
    ~~~~~~~~~~~^^^^^^^^^
  File "C:\Users\anilk\Desktop\AI Road\.venv\Lib\site-packages\sqlalchemy\orm\session.py", line 4488, in _flush
    with util.safe_reraise():
         ~~~~~~~~~~~~~~~~~^^
  File "C:\Users\anilk\Desktop\AI Road\.venv\Lib\site-packages\sqlalchemy\util\langhelpers.py", line 122, in __exit__
    raise exc_value.with_traceback(exc_tb)
  File "C:\Users\anilk\Desktop\AI Road\.venv\Lib\site-packages\sqlalchemy\orm\session.py", line 4449, in _flush
    flush_context.execute()
    ~~~~~~~~~~~~~~~~~~~~~^^
  File "C:\Users\anilk\Desktop\AI Road\.venv\Lib\site-packages\sqlalchemy\orm\unitofwork.py", line 465, in execute
    rec.execute(self)
    ~~~~~~~~~~~^^^^^^
  File "C:\Users\anilk\Desktop\AI Road\.venv\Lib\site-packages\sqlalchemy\orm\unitofwork.py", line 641, in execute
    util.preloaded.orm_persistence.save_obj(
    ~~~~~~~~~~~~~~~~~~~~~~~~~~~~~~~~~~~~~~~^
        self.mapper,
        ^^^^^^^^^^^^
        uow.states_for_mapper_hierarchy(self.mapper, False, False),
        ^^^^^^^^^^^^^^^^^^^^^^^^^^^^^^^^^^^^^^^^^^^^^^^^^^^^^^^^^^^
        uow,
        ^^^^
    )
    ^
  File "C:\Users\anilk\Desktop\AI Road\.venv\Lib\site-packages\sqlalchemy\orm\persistence.py", line 94, in save_obj
    _emit_insert_statements(
    ~~~~~~~~~~~~~~~~~~~~~~~^
        base_mapper,
        ^^^^^^^^^^^^
    ...<3 lines>...
        insert,
        ^^^^^^^
    )
    ^
  File "C:\Users\anilk\Desktop\AI Road\.venv\Lib\site-packages\sqlalchemy\orm\persistence.py", line 1234, in _emit_insert_statements
    result = connection.execute(
        statement,
        params,
        execution_options=execution_options,
    )
  File "C:\Users\anilk\Desktop\AI Road\.venv\Lib\site-packages\sqlalchemy\engine\base.py", line 1421, in execute
    return meth(
        self,
        distilled_parameters,
        execution_options or NO_OPTIONS,
    )
  File "C:\Users\anilk\Desktop\AI Road\.venv\Lib\site-packages\sqlalchemy\sql\elements.py", line 526, in _execute_on_connection
    return connection._execute_clauseelement(
           ~~~~~~~~~~~~~~~~~~~~~~~~~~~~~~~~~^
        self, distilled_params, execution_options
        ^^^^^^^^^^^^^^^^^^^^^^^^^^^^^^^^^^^^^^^^^
    )
    ^
  File "C:\Users\anilk\Desktop\AI Road\.venv\Lib\site-packages\sqlalchemy\engine\base.py", line 1643, in _execute_clauseelement
    ret = self._execute_context(
        dialect,
    ...<8 lines>...
        cache_hit=cache_hit,
    )
  File "C:\Users\anilk\Desktop\AI Road\.venv\Lib\site-packages\sqlalchemy\engine\base.py", line 1848, in _execute_context
    return self._exec_single_context(
           ~~~~~~~~~~~~~~~~~~~~~~~~~^
        dialect, context, statement, parameters
        ^^^^^^^^^^^^^^^^^^^^^^^^^^^^^^^^^^^^^^^
    )
    ^
  File "C:\Users\anilk\Desktop\AI Road\.venv\Lib\site-packages\sqlalchemy\engine\base.py", line 1988, in _exec_single_context
    self._handle_dbapi_exception(
    ~~~~~~~~~~~~~~~~~~~~~~~~~~~~^
        e, str_statement, effective_parameters, cursor, context
        ^^^^^^^^^^^^^^^^^^^^^^^^^^^^^^^^^^^^^^^^^^^^^^^^^^^^^^^
    )
    ^
  File "C:\Users\anilk\Desktop\AI Road\.venv\Lib\site-packages\sqlalchemy\engine\base.py", line 2365, in _handle_dbapi_exception
    raise sqlalchemy_exception.with_traceback(exc_info[2]) from e
  File "C:\Users\anilk\Desktop\AI Road\.venv\Lib\site-packages\sqlalchemy\engine\base.py", line 1969, in _exec_single_context
    self.dialect.do_execute(
    ~~~~~~~~~~~~~~~~~~~~~~~^
        cursor, str_statement, effective_parameters, context
        ^^^^^^^^^^^^^^^^^^^^^^^^^^^^^^^^^^^^^^^^^^^^^^^^^^^^
    )
    ^
  File "C:\Users\anilk\Desktop\AI Road\.venv\Lib\site-packages\sqlalchemy\engine\default.py", line 952, in do_execute
    cursor.execute(statement, parameters)
    ~~~~~~~~~~~~~~^^^^^^^^^^^^^^^^^^^^^^^
sqlalchemy.exc.OperationalError: (sqlite3.OperationalError) table reports has no column named road_name
[SQL: INSERT INTO reports (user_id, road_id, title, description, road_name, latitude, longitude, city, district, state, pincode, weather, weather_conditions, device_info, vehicle_speed, direction, reported_at, report_source, analysis_source, satellite_verified, damage_type, severity, status, repair_priority, damage_count, pothole_count, average_pothole_size, crack_length, damage_area, damage_length, damage_width, damage_depth, damage_percentage, road_health_index, predicted_failure_risk, repair_difficulty, estimated_repair_cost, estimated_duration, expected_completion_date, assigned_engineer, assigned_contractor, contractor_assignment, engineer_verified, budget_utilization, material_estimates, cost_breakdown, files, predictions, created_at, last_updated, workflow_status, accepted_deadline, notification_sent_at, contractor_response_deadline) VALUES (?, ?, ?, ?, ?, ?, ?, ?, ?, ?, ?, ?, ?, ?, ?, ?, ?, ?, ?, ?, ?, ?, ?, ?, ?, ?, ?, ?, ?, ?, ?, ?, ?, ?, ?, ?, ?, ?, ?, ?, ?, ?, ?, ?, ?, ?, ?, ?, ?, ?, ?, ?, ?, ?)]
[parameters: (3, None, 'Live road camera inspection 27/8/2026, 9:28:23 am', 'Frame captured from live road monitoring camera.', None, 13.026423547859922, 80.01701288482491, None, None, None, None, None, None, '{"source": "live_camera", "captured_at": "2026-08-27T03:58:23.314Z"}', None, None, None, 'live_camera', 'ai', 0, None, 'unknown', 'reported', None, None, None, None, None, None, None, None, None, None, None, None, None, None, None, None, None, None, None, 0, None, 'null', 'null', '["live-road-frame.jpg"]', '{"tool": "local-fallback", "severity": "unknown", "message": "No AI service configured or no media attached; using fallback detection."}', '2026-08-27 03:58:23.331465', '2026-08-27 03:58:23.332479', 'reported', None, None, None)]
(Background on this error at: https://sqlalche.me/e/20/e3q8)
ERROR:    Exception in ASGI application
Traceback (most recent call last):
  File "C:\Users\anilk\Desktop\AI Road\.venv\Lib\site-packages\sqlalchemy\engine\base.py", line 1969, in _exec_single_context
    self.dialect.do_execute(
    ~~~~~~~~~~~~~~~~~~~~~~~^
        cursor, str_statement, effective_parameters, context
        ^^^^^^^^^^^^^^^^^^^^^^^^^^^^^^^^^^^^^^^^^^^^^^^^^^^^
    )
    ^
  File "C:\Users\anilk\Desktop\AI Road\.venv\Lib\site-packages\sqlalchemy\engine\default.py", line 952, in do_execute
    cursor.execute(statement, parameters)
    ~~~~~~~~~~~~~~^^^^^^^^^^^^^^^^^^^^^^^
sqlite3.OperationalError: table reports has no column named road_name

The above exception was the direct cause of the following exception:

Traceback (most recent call last):
  File "C:\Users\anilk\Desktop\AI Road\.venv\Lib\site-packages\uvicorn\protocols\http\httptools_impl.py", line 422, in run_asgi
    result = await app(  # type: ignore[func-returns-value]
             ^^^^^^^^^^^^^^^^^^^^^^^^^^^^^^^^^^^^^^^^^^^^^^
        self.scope, self.receive, self.send
        ^^^^^^^^^^^^^^^^^^^^^^^^^^^^^^^^^^^
    )
    ^
  File "C:\Users\anilk\Desktop\AI Road\.venv\Lib\site-packages\uvicorn\middleware\proxy_headers.py", line 63, in __call__
    return await self.app(scope, receive, send)
           ^^^^^^^^^^^^^^^^^^^^^^^^^^^^^^^^^^^^
  File "C:\Users\anilk\Desktop\AI Road\.venv\Lib\site-packages\fastapi\applications.py", line 1163, in __call__
    await super().__call__(scope, receive, send)
  File "C:\Users\anilk\Desktop\AI Road\.venv\Lib\site-packages\starlette\applications.py", line 96, in __call__
    await self.middleware_stack(scope, receive, send)
  File "C:\Users\anilk\Desktop\AI Road\.venv\Lib\site-packages\starlette\middleware\errors.py", line 186, in __call__
    raise exc
  File "C:\Users\anilk\Desktop\AI Road\.venv\Lib\site-packages\starlette\middleware\errors.py", line 164, in __call__
    await self.app(scope, receive, _send)
  File "C:\Users\anilk\Desktop\AI Road\.venv\Lib\site-packages\starlette\middleware\cors.py", line 96, in __call__
    await self.simple_response(scope, receive, send, request_headers=headers)
  File "C:\Users\anilk\Desktop\AI Road\.venv\Lib\site-packages\starlette\middleware\cors.py", line 154, in simple_response
    await self.app(scope, receive, send)
  File "C:\Users\anilk\Desktop\AI Road\.venv\Lib\site-packages\starlette\middleware\exceptions.py", line 63, in __call__
    await wrap_app_handling_exceptions(self.app, conn)(scope, receive, send)
  File "C:\Users\anilk\Desktop\AI Road\.venv\Lib\site-packages\starlette\_exception_handler.py", line 53, in wrapped_app
    raise exc
  File "C:\Users\anilk\Desktop\AI Road\.venv\Lib\site-packages\starlette\_exception_handler.py", line 42, in wrapped_app
    await app(scope, receive, sender)
  File "C:\Users\anilk\Desktop\AI Road\.venv\Lib\site-packages\fastapi\middleware\asyncexitstack.py", line 18, in __call__
    await self.app(scope, receive, send)
  File "C:\Users\anilk\Desktop\AI Road\.venv\Lib\site-packages\starlette\routing.py", line 670, in __call__
    await self.middleware_stack(scope, receive, send)
  File "C:\Users\anilk\Desktop\AI Road\.venv\Lib\site-packages\fastapi\routing.py", line 2734, in app
    await route.handle(scope, receive, send)
  File "C:\Users\anilk\Desktop\AI Road\.venv\Lib\site-packages\fastapi\routing.py", line 1780, in handle
    await self.original_router.handle(scope, receive, send)
  File "C:\Users\anilk\Desktop\AI Road\.venv\Lib\site-packages\fastapi\routing.py", line 2789, in handle
    await included_router._handle_selected(scope, receive, send)
  File "C:\Users\anilk\Desktop\AI Road\.venv\Lib\site-packages\fastapi\routing.py", line 1800, in _handle_selected
    await original_route.handle(scope, receive, send)
  File "C:\Users\anilk\Desktop\AI Road\.venv\Lib\site-packages\fastapi\routing.py", line 1279, in handle
    await app(scope, receive, send)
  File "C:\Users\anilk\Desktop\AI Road\.venv\Lib\site-packages\fastapi\routing.py", line 158, in app
    await wrap_app_handling_exceptions(app, request)(scope, receive, send)
  File "C:\Users\anilk\Desktop\AI Road\.venv\Lib\site-packages\starlette\_exception_handler.py", line 53, in wrapped_app
    raise exc
  File "C:\Users\anilk\Desktop\AI Road\.venv\Lib\site-packages\starlette\_exception_handler.py", line 42, in wrapped_app
    await app(scope, receive, sender)
  File "C:\Users\anilk\Desktop\AI Road\.venv\Lib\site-packages\fastapi\routing.py", line 144, in app
    response = await f(request)
               ^^^^^^^^^^^^^^^^
  File "C:\Users\anilk\Desktop\AI Road\.venv\Lib\site-packages\fastapi\routing.py", line 706, in app
    raw_response = await run_endpoint_function(
                   ^^^^^^^^^^^^^^^^^^^^^^^^^^^^
    ...<3 lines>...
    )
    ^
  File "C:\Users\anilk\Desktop\AI Road\.venv\Lib\site-packages\fastapi\routing.py", line 352, in run_endpoint_function
    return await dependant.call(**values)
           ^^^^^^^^^^^^^^^^^^^^^^^^^^^^^^
  File "C:\Users\anilk\Desktop\AI Road\backend\app\api\reports.py", line 230, in create_report
    db_report = crud.create_report(
        db,
    ...<9 lines>...
        budget_utilization=budget_utilization,
    )
  File "C:\Users\anilk\Desktop\AI Road\backend\app\crud.py", line 130, in create_report
    db.commit()
    ~~~~~~~~~^^
  File "C:\Users\anilk\Desktop\AI Road\.venv\Lib\site-packages\sqlalchemy\orm\session.py", line 2035, in commit
    trans.commit(_to_root=True)
    ~~~~~~~~~~~~^^^^^^^^^^^^^^^
  File "<string>", line 2, in commit
  File "C:\Users\anilk\Desktop\AI Road\.venv\Lib\site-packages\sqlalchemy\orm\state_changes.py", line 137, in _go
    ret_value = fn(self, *arg, **kw)
  File "C:\Users\anilk\Desktop\AI Road\.venv\Lib\site-packages\sqlalchemy\orm\session.py", line 1316, in commit
    self._prepare_impl()
    ~~~~~~~~~~~~~~~~~~^^
  File "<string>", line 2, in _prepare_impl
  File "C:\Users\anilk\Desktop\AI Road\.venv\Lib\site-packages\sqlalchemy\orm\state_changes.py", line 137, in _go
    ret_value = fn(self, *arg, **kw)
  File "C:\Users\anilk\Desktop\AI Road\.venv\Lib\site-packages\sqlalchemy\orm\session.py", line 1290, in _prepare_impl
    self.session.flush()
    ~~~~~~~~~~~~~~~~~~^^
  File "C:\Users\anilk\Desktop\AI Road\.venv\Lib\site-packages\sqlalchemy\orm\session.py", line 4353, in flush
    self._flush(objects)
    ~~~~~~~~~~~^^^^^^^^^
  File "C:\Users\anilk\Desktop\AI Road\.venv\Lib\site-packages\sqlalchemy\orm\session.py", line 4488, in _flush
    with util.safe_reraise():
         ~~~~~~~~~~~~~~~~~^^
  File "C:\Users\anilk\Desktop\AI Road\.venv\Lib\site-packages\sqlalchemy\util\langhelpers.py", line 122, in __exit__
    raise exc_value.with_traceback(exc_tb)
  File "C:\Users\anilk\Desktop\AI Road\.venv\Lib\site-packages\sqlalchemy\orm\session.py", line 4449, in _flush
    flush_context.execute()
    ~~~~~~~~~~~~~~~~~~~~~^^
  File "C:\Users\anilk\Desktop\AI Road\.venv\Lib\site-packages\sqlalchemy\orm\unitofwork.py", line 465, in execute
    rec.execute(self)
    ~~~~~~~~~~~^^^^^^
  File "C:\Users\anilk\Desktop\AI Road\.venv\Lib\site-packages\sqlalchemy\orm\unitofwork.py", line 641, in execute
    util.preloaded.orm_persistence.save_obj(
    ~~~~~~~~~~~~~~~~~~~~~~~~~~~~~~~~~~~~~~~^
        self.mapper,
        ^^^^^^^^^^^^
        uow.states_for_mapper_hierarchy(self.mapper, False, False),
        ^^^^^^^^^^^^^^^^^^^^^^^^^^^^^^^^^^^^^^^^^^^^^^^^^^^^^^^^^^^
        uow,
        ^^^^
    )
    ^
  File "C:\Users\anilk\Desktop\AI Road\.venv\Lib\site-packages\sqlalchemy\orm\persistence.py", line 94, in save_obj
    _emit_insert_statements(
    ~~~~~~~~~~~~~~~~~~~~~~~^
        base_mapper,
        ^^^^^^^^^^^^
    ...<3 lines>...
        insert,
        ^^^^^^^
    )
    ^
  File "C:\Users\anilk\Desktop\AI Road\.venv\Lib\site-packages\sqlalchemy\orm\persistence.py", line 1234, in _emit_insert_statements
    result = connection.execute(
        statement,
        params,
        execution_options=execution_options,
    )
  File "C:\Users\anilk\Desktop\AI Road\.venv\Lib\site-packages\sqlalchemy\engine\base.py", line 1421, in execute
    return meth(
        self,
        distilled_parameters,
        execution_options or NO_OPTIONS,
    )
  File "C:\Users\anilk\Desktop\AI Road\.venv\Lib\site-packages\sqlalchemy\sql\elements.py", line 526, in _execute_on_connection
    return connection._execute_clauseelement(
           ~~~~~~~~~~~~~~~~~~~~~~~~~~~~~~~~~^
        self, distilled_params, execution_options
        ^^^^^^^^^^^^^^^^^^^^^^^^^^^^^^^^^^^^^^^^^
    )
    ^
  File "C:\Users\anilk\Desktop\AI Road\.venv\Lib\site-packages\sqlalchemy\engine\base.py", line 1643, in _execute_clauseelement
    ret = self._execute_context(
        dialect,
    ...<8 lines>...
        cache_hit=cache_hit,
    )
  File "C:\Users\anilk\Desktop\AI Road\.venv\Lib\site-packages\sqlalchemy\engine\base.py", line 1848, in _execute_context
    return self._exec_single_context(
           ~~~~~~~~~~~~~~~~~~~~~~~~~^
        dialect, context, statement, parameters
        ^^^^^^^^^^^^^^^^^^^^^^^^^^^^^^^^^^^^^^^
    )
    ^
  File "C:\Users\anilk\Desktop\AI Road\.venv\Lib\site-packages\sqlalchemy\engine\base.py", line 1988, in _exec_single_context
    self._handle_dbapi_exception(
    ~~~~~~~~~~~~~~~~~~~~~~~~~~~~^
        e, str_statement, effective_parameters, cursor, context
        ^^^^^^^^^^^^^^^^^^^^^^^^^^^^^^^^^^^^^^^^^^^^^^^^^^^^^^^
    )
    ^
  File "C:\Users\anilk\Desktop\AI Road\.venv\Lib\site-packages\sqlalchemy\engine\base.py", line 2365, in _handle_dbapi_exception
    raise sqlalchemy_exception.with_traceback(exc_info[2]) from e
  File "C:\Users\anilk\Desktop\AI Road\.venv\Lib\site-packages\sqlalchemy\engine\base.py", line 1969, in _exec_single_context
    self.dialect.do_execute(
    ~~~~~~~~~~~~~~~~~~~~~~~^
        cursor, str_statement, effective_parameters, context
        ^^^^^^^^^^^^^^^^^^^^^^^^^^^^^^^^^^^^^^^^^^^^^^^^^^^^
    )
    ^
  File "C:\Users\anilk\Desktop\AI Road\.venv\Lib\site-packages\sqlalchemy\engine\default.py", line 952, in do_execute
    cursor.execute(statement, parameters)
    ~~~~~~~~~~~~~~^^^^^^^^^^^^^^^^^^^^^^^
sqlalchemy.exc.OperationalError: (sqlite3.OperationalError) table reports has no column named road_name
[SQL: INSERT INTO reports (user_id, road_id, title, description, road_name, latitude, longitude, city, district, state, pincode, weather, weather_conditions, device_info, vehicle_speed, direction, reported_at, report_source, analysis_source, satellite_verified, damage_type, severity, status, repair_priority, damage_count, pothole_count, average_pothole_size, crack_length, damage_area, damage_length, damage_width, damage_depth, damage_percentage, road_health_index, predicted_failure_risk, repair_difficulty, estimated_repair_cost, estimated_duration, expected_completion_date, assigned_engineer, assigned_contractor, contractor_assignment, engineer_verified, budget_utilization, material_estimates, cost_breakdown, files, predictions, created_at, last_updated, workflow_status, accepted_deadline, notification_sent_at, contractor_response_deadline) VALUES (?, ?, ?, ?, ?, ?, ?, ?, ?, ?, ?, ?, ?, ?, ?, ?, ?, ?, ?, ?, ?, ?, ?, ?, ?, ?, ?, ?, ?, ?, ?, ?, ?, ?, ?, ?, ?, ?, ?, ?, ?, ?, ?, ?, ?, ?, ?, ?, ?, ?, ?, ?, ?, ?)]
[parameters: (3, None, 'Live road camera inspection 27/8/2026, 9:28:59 am', 'Frame captured from live road monitoring camera.', None, 13.026423547859922, 80.01701288482491, None, None, None, None, None, None, '{"source": "live_camera", "captured_at": "2026-08-27T03:58:59.283Z"}', None, None, None, 'live_camera', 'ai', 0, None, 'unknown', 'reported', None, None, None, None, None, None, None, None, None, None, None, None, None, None, None, None, None, None, None, 0, None, 'null', 'null', '["live-road-frame.jpg"]', '{"tool": "local-fallback", "severity": "unknown", "message": "No AI service configured or no media attached; using fallback detection."}', '2026-08-27 03:58:59.605484', '2026-08-27 03:58:59.606582', 'reported', None, None, None)]
(Background on this error at: https://sqlalche.me/e/20/e3q8)
ERROR:    Exception in ASGI application
Traceback (most recent call last):
  File "C:\Users\anilk\Desktop\AI Road\.venv\Lib\site-packages\sqlalchemy\engine\base.py", line 1969, in _exec_single_context
    self.dialect.do_execute(
    ~~~~~~~~~~~~~~~~~~~~~~~^
        cursor, str_statement, effective_parameters, context
        ^^^^^^^^^^^^^^^^^^^^^^^^^^^^^^^^^^^^^^^^^^^^^^^^^^^^
    )
    ^
  File "C:\Users\anilk\Desktop\AI Road\.venv\Lib\site-packages\sqlalchemy\engine\default.py", line 952, in do_execute
    cursor.execute(statement, parameters)
    ~~~~~~~~~~~~~~^^^^^^^^^^^^^^^^^^^^^^^
sqlite3.OperationalError: no such column: reports.road_name

The above exception was the direct cause of the following exception:

Traceback (most recent call last):
  File "C:\Users\anilk\Desktop\AI Road\.venv\Lib\site-packages\uvicorn\protocols\http\httptools_impl.py", line 422, in run_asgi
    result = await app(  # type: ignore[func-returns-value]
             ^^^^^^^^^^^^^^^^^^^^^^^^^^^^^^^^^^^^^^^^^^^^^^
        self.scope, self.receive, self.send
        ^^^^^^^^^^^^^^^^^^^^^^^^^^^^^^^^^^^
    )
    ^
  File "C:\Users\anilk\Desktop\AI Road\.venv\Lib\site-packages\uvicorn\middleware\proxy_headers.py", line 63, in __call__
    return await self.app(scope, receive, send)
           ^^^^^^^^^^^^^^^^^^^^^^^^^^^^^^^^^^^^
  File "C:\Users\anilk\Desktop\AI Road\.venv\Lib\site-packages\fastapi\applications.py", line 1163, in __call__
    await super().__call__(scope, receive, send)
  File "C:\Users\anilk\Desktop\AI Road\.venv\Lib\site-packages\starlette\applications.py", line 96, in __call__
    await self.middleware_stack(scope, receive, send)
  File "C:\Users\anilk\Desktop\AI Road\.venv\Lib\site-packages\starlette\middleware\errors.py", line 186, in __call__
    raise exc
  File "C:\Users\anilk\Desktop\AI Road\.venv\Lib\site-packages\starlette\middleware\errors.py", line 164, in __call__
    await self.app(scope, receive, _send)
  File "C:\Users\anilk\Desktop\AI Road\.venv\Lib\site-packages\starlette\middleware\cors.py", line 96, in __call__
    await self.simple_response(scope, receive, send, request_headers=headers)
  File "C:\Users\anilk\Desktop\AI Road\.venv\Lib\site-packages\starlette\middleware\cors.py", line 154, in simple_response
    await self.app(scope, receive, send)
  File "C:\Users\anilk\Desktop\AI Road\.venv\Lib\site-packages\starlette\middleware\exceptions.py", line 63, in __call__
    await wrap_app_handling_exceptions(self.app, conn)(scope, receive, send)
  File "C:\Users\anilk\Desktop\AI Road\.venv\Lib\site-packages\starlette\_exception_handler.py", line 53, in wrapped_app
    raise exc
  File "C:\Users\anilk\Desktop\AI Road\.venv\Lib\site-packages\starlette\_exception_handler.py", line 42, in wrapped_app
    await app(scope, receive, sender)
  File "C:\Users\anilk\Desktop\AI Road\.venv\Lib\site-packages\fastapi\middleware\asyncexitstack.py", line 18, in __call__
    await self.app(scope, receive, send)
  File "C:\Users\anilk\Desktop\AI Road\.venv\Lib\site-packages\starlette\routing.py", line 670, in __call__
    await self.middleware_stack(scope, receive, send)
  File "C:\Users\anilk\Desktop\AI Road\.venv\Lib\site-packages\fastapi\routing.py", line 2734, in app
    await route.handle(scope, receive, send)
  File "C:\Users\anilk\Desktop\AI Road\.venv\Lib\site-packages\fastapi\routing.py", line 1780, in handle
    await self.original_router.handle(scope, receive, send)
  File "C:\Users\anilk\Desktop\AI Road\.venv\Lib\site-packages\fastapi\routing.py", line 2789, in handle
    await included_router._handle_selected(scope, receive, send)
  File "C:\Users\anilk\Desktop\AI Road\.venv\Lib\site-packages\fastapi\routing.py", line 1800, in _handle_selected
    await original_route.handle(scope, receive, send)
  File "C:\Users\anilk\Desktop\AI Road\.venv\Lib\site-packages\fastapi\routing.py", line 1279, in handle
    await app(scope, receive, send)
  File "C:\Users\anilk\Desktop\AI Road\.venv\Lib\site-packages\fastapi\routing.py", line 158, in app
    await wrap_app_handling_exceptions(app, request)(scope, receive, send)
  File "C:\Users\anilk\Desktop\AI Road\.venv\Lib\site-packages\starlette\_exception_handler.py", line 53, in wrapped_app
    raise exc
  File "C:\Users\anilk\Desktop\AI Road\.venv\Lib\site-packages\starlette\_exception_handler.py", line 42, in wrapped_app
    await app(scope, receive, sender)
  File "C:\Users\anilk\Desktop\AI Road\.venv\Lib\site-packages\fastapi\routing.py", line 144, in app
    response = await f(request)
               ^^^^^^^^^^^^^^^^
  File "C:\Users\anilk\Desktop\AI Road\.venv\Lib\site-packages\fastapi\routing.py", line 706, in app
    raw_response = await run_endpoint_function(
                   ^^^^^^^^^^^^^^^^^^^^^^^^^^^^
    ...<3 lines>...
    )
    ^
  File "C:\Users\anilk\Desktop\AI Road\.venv\Lib\site-packages\fastapi\routing.py", line 352, in run_endpoint_function
    return await dependant.call(**values)
           ^^^^^^^^^^^^^^^^^^^^^^^^^^^^^^
  File "C:\Users\anilk\Desktop\AI Road\backend\app\api\reports.py", line 393, in list_reports
    reports = crud.get_reports(db)
  File "C:\Users\anilk\Desktop\AI Road\backend\app\crud.py", line 136, in get_reports
    return db.query(models.Report).order_by(models.Report.created_at.desc()).all()
           ~~~~~~~~~~~~~~~~~~~~~~~~~~~~~~~~~~~~~~~~~~~~~~~~~~~~~~~~~~~~~~~~~~~~~^^
  File "C:\Users\anilk\Desktop\AI Road\.venv\Lib\site-packages\sqlalchemy\orm\query.py", line 2711, in all
    return self._iter().all()  # type: ignore
           ~~~~~~~~~~^^
  File "C:\Users\anilk\Desktop\AI Road\.venv\Lib\site-packages\sqlalchemy\orm\query.py", line 2864, in _iter
    result: Union[ScalarResult[_T], Result[_T]] = self.session.execute(
                                                  ~~~~~~~~~~~~~~~~~~~~^
        statement,
        ^^^^^^^^^^
        params,
        ^^^^^^^
        execution_options={"_sa_orm_load_options": self.load_options},
        ^^^^^^^^^^^^^^^^^^^^^^^^^^^^^^^^^^^^^^^^^^^^^^^^^^^^^^^^^^^^^^
    )
    ^
  File "C:\Users\anilk\Desktop\AI Road\.venv\Lib\site-packages\sqlalchemy\orm\session.py", line 2373, in execute
    return self._execute_internal(
           ~~~~~~~~~~~~~~~~~~~~~~^
        statement,
        ^^^^^^^^^^
    ...<4 lines>...
        _add_event=_add_event,
        ^^^^^^^^^^^^^^^^^^^^^^
    )
    ^
  File "C:\Users\anilk\Desktop\AI Road\.venv\Lib\site-packages\sqlalchemy\orm\session.py", line 2271, in _execute_internal
    result: Result[Any] = compile_state_cls.orm_execute_statement(
                          ~~~~~~~~~~~~~~~~~~~~~~~~~~~~~~~~~~~~~~~^
        self,
        ^^^^^
    ...<4 lines>...
        conn,
        ^^^^^
    )
    ^
  File "C:\Users\anilk\Desktop\AI Road\.venv\Lib\site-packages\sqlalchemy\orm\context.py", line 306, in orm_execute_statement
    result = conn.execute(
        statement, params or {}, execution_options=execution_options
    )
  File "C:\Users\anilk\Desktop\AI Road\.venv\Lib\site-packages\sqlalchemy\engine\base.py", line 1421, in execute
    return meth(
        self,
        distilled_parameters,
        execution_options or NO_OPTIONS,
    )
  File "C:\Users\anilk\Desktop\AI Road\.venv\Lib\site-packages\sqlalchemy\sql\elements.py", line 526, in _execute_on_connection
    return connection._execute_clauseelement(
           ~~~~~~~~~~~~~~~~~~~~~~~~~~~~~~~~~^
        self, distilled_params, execution_options
        ^^^^^^^^^^^^^^^^^^^^^^^^^^^^^^^^^^^^^^^^^
    )
    ^
  File "C:\Users\anilk\Desktop\AI Road\.venv\Lib\site-packages\sqlalchemy\engine\base.py", line 1643, in _execute_clauseelement
    ret = self._execute_context(
        dialect,
    ...<8 lines>...
        cache_hit=cache_hit,
    )
  File "C:\Users\anilk\Desktop\AI Road\.venv\Lib\site-packages\sqlalchemy\engine\base.py", line 1848, in _execute_context
    return self._exec_single_context(
           ~~~~~~~~~~~~~~~~~~~~~~~~~^
        dialect, context, statement, parameters
        ^^^^^^^^^^^^^^^^^^^^^^^^^^^^^^^^^^^^^^^
    )
    ^
  File "C:\Users\anilk\Desktop\AI Road\.venv\Lib\site-packages\sqlalchemy\engine\base.py", line 1988, in _exec_single_context
    self._handle_dbapi_exception(
    ~~~~~~~~~~~~~~~~~~~~~~~~~~~~^
        e, str_statement, effective_parameters, cursor, context
        ^^^^^^^^^^^^^^^^^^^^^^^^^^^^^^^^^^^^^^^^^^^^^^^^^^^^^^^
    )
    ^
  File "C:\Users\anilk\Desktop\AI Road\.venv\Lib\site-packages\sqlalchemy\engine\base.py", line 2365, in _handle_dbapi_exception
    raise sqlalchemy_exception.with_traceback(exc_info[2]) from e
  File "C:\Users\anilk\Desktop\AI Road\.venv\Lib\site-packages\sqlalchemy\engine\base.py", line 1969, in _exec_single_context
    self.dialect.do_execute(
    ~~~~~~~~~~~~~~~~~~~~~~~^
        cursor, str_statement, effective_parameters, context
        ^^^^^^^^^^^^^^^^^^^^^^^^^^^^^^^^^^^^^^^^^^^^^^^^^^^^
    )
    ^
  File "C:\Users\anilk\Desktop\AI Road\.venv\Lib\site-packages\sqlalchemy\engine\default.py", line 952, in do_execute
    cursor.execute(statement, parameters)
    ~~~~~~~~~~~~~~^^^^^^^^^^^^^^^^^^^^^^^
sqlalchemy.exc.OperationalError: (sqlite3.OperationalError) no such column: reports.road_name
[SQL: SELECT reports.id AS reports_id, reports.user_id AS reports_user_id, reports.road_id AS reports_road_id, reports.title AS reports_title, reports.description AS reports_description, reports.road_name AS reports_road_name, reports.latitude AS reports_latitude, reports.longitude AS reports_longitude, reports.city AS reports_city, reports.district AS reports_district, reports.state AS reports_state, reports.pincode AS reports_pincode, reports.weather AS reports_weather, reports.weather_conditions AS reports_weather_conditions, reports.device_info AS reports_device_info, reports.vehicle_speed AS reports_vehicle_speed, reports.direction AS reports_direction, reports.reported_at AS reports_reported_at, reports.report_source AS reports_report_source, reports.analysis_source AS reports_analysis_source, reports.satellite_verified AS reports_satellite_verified, reports.damage_type AS reports_damage_type, reports.severity AS reports_severity, reports.status AS reports_status, reports.repair_priority AS reports_repair_priority, reports.damage_count AS reports_damage_count, reports.pothole_count AS reports_pothole_count, reports.average_pothole_size AS reports_average_pothole_size, reports.crack_length AS reports_crack_length, reports.damage_area AS reports_damage_area, reports.damage_length AS reports_damage_length, reports.damage_width AS reports_damage_width, reports.damage_depth AS reports_damage_depth, reports.damage_percentage AS reports_damage_percentage, reports.road_health_index AS reports_road_health_index, reports.predicted_failure_risk AS reports_predicted_failure_risk, reports.repair_difficulty AS reports_repair_difficulty, reports.estimated_repair_cost AS reports_estimated_repair_cost, reports.estimated_duration AS reports_estimated_duration, reports.expected_completion_date AS reports_expected_completion_date, reports.assigned_engineer AS reports_assigned_engineer, reports.assigned_contractor AS reports_assigned_contractor, reports.contractor_assignment AS reports_contractor_assignment, reports.engineer_verified AS reports_engineer_verified, reports.budget_utilization AS reports_budget_utilization, reports.material_estimates AS reports_material_estimates, reports.cost_breakdown AS reports_cost_breakdown, reports.audit_log AS reports_audit_log, reports.files AS reports_files, reports.predictions AS reports_predictions, reports.created_at AS reports_created_at, reports.last_updated AS reports_last_updated, reports.workflow_status AS reports_workflow_status, reports.accepted_deadline AS reports_accepted_deadline, reports.notification_sent_at AS reports_notification_sent_at, reports.contractor_response_deadline AS reports_contractor_response_deadline 
FROM reports ORDER BY reports.created_at DESC]
(Background on this error at: https://sqlalche.me/e/20/e3q8)
ERROR:    Exception in ASGI application
Traceback (most recent call last):
  File "C:\Users\anilk\Desktop\AI Road\.venv\Lib\site-packages\sqlalchemy\engine\base.py", line 1969, in _exec_single_context
    self.dialect.do_execute(
    ~~~~~~~~~~~~~~~~~~~~~~~^
        cursor, str_statement, effective_parameters, context
        ^^^^^^^^^^^^^^^^^^^^^^^^^^^^^^^^^^^^^^^^^^^^^^^^^^^^
    )
    ^
  File "C:\Users\anilk\Desktop\AI Road\.venv\Lib\site-packages\sqlalchemy\engine\default.py", line 952, in do_execute
    cursor.execute(statement, parameters)
    ~~~~~~~~~~~~~~^^^^^^^^^^^^^^^^^^^^^^^
sqlite3.OperationalError: no such column: reports.road_name

The above exception was the direct cause of the following exception:

Traceback (most recent call last):
  File "C:\Users\anilk\Desktop\AI Road\.venv\Lib\site-packages\uvicorn\protocols\http\httptools_impl.py", line 422, in run_asgi
    result = await app(  # type: ignore[func-returns-value]
             ^^^^^^^^^^^^^^^^^^^^^^^^^^^^^^^^^^^^^^^^^^^^^^
        self.scope, self.receive, self.send
        ^^^^^^^^^^^^^^^^^^^^^^^^^^^^^^^^^^^
    )
    ^
  File "C:\Users\anilk\Desktop\AI Road\.venv\Lib\site-packages\uvicorn\middleware\proxy_headers.py", line 63, in __call__
    return await self.app(scope, receive, send)
           ^^^^^^^^^^^^^^^^^^^^^^^^^^^^^^^^^^^^
  File "C:\Users\anilk\Desktop\AI Road\.venv\Lib\site-packages\fastapi\applications.py", line 1163, in __call__
    await super().__call__(scope, receive, send)
  File "C:\Users\anilk\Desktop\AI Road\.venv\Lib\site-packages\starlette\applications.py", line 96, in __call__
    await self.middleware_stack(scope, receive, send)
  File "C:\Users\anilk\Desktop\AI Road\.venv\Lib\site-packages\starlette\middleware\errors.py", line 186, in __call__
    raise exc
  File "C:\Users\anilk\Desktop\AI Road\.venv\Lib\site-packages\starlette\middleware\errors.py", line 164, in __call__
    await self.app(scope, receive, _send)
  File "C:\Users\anilk\Desktop\AI Road\.venv\Lib\site-packages\starlette\middleware\cors.py", line 96, in __call__
    await self.simple_response(scope, receive, send, request_headers=headers)
  File "C:\Users\anilk\Desktop\AI Road\.venv\Lib\site-packages\starlette\middleware\cors.py", line 154, in simple_response
    await self.app(scope, receive, send)
  File "C:\Users\anilk\Desktop\AI Road\.venv\Lib\site-packages\starlette\middleware\exceptions.py", line 63, in __call__
    await wrap_app_handling_exceptions(self.app, conn)(scope, receive, send)
  File "C:\Users\anilk\Desktop\AI Road\.venv\Lib\site-packages\starlette\_exception_handler.py", line 53, in wrapped_app
    raise exc
  File "C:\Users\anilk\Desktop\AI Road\.venv\Lib\site-packages\starlette\_exception_handler.py", line 42, in wrapped_app
    await app(scope, receive, sender)
  File "C:\Users\anilk\Desktop\AI Road\.venv\Lib\site-packages\fastapi\middleware\asyncexitstack.py", line 18, in __call__
    await self.app(scope, receive, send)
  File "C:\Users\anilk\Desktop\AI Road\.venv\Lib\site-packages\starlette\routing.py", line 670, in __call__
    await self.middleware_stack(scope, receive, send)
  File "C:\Users\anilk\Desktop\AI Road\.venv\Lib\site-packages\fastapi\routing.py", line 2734, in app
    await route.handle(scope, receive, send)
  File "C:\Users\anilk\Desktop\AI Road\.venv\Lib\site-packages\fastapi\routing.py", line 1780, in handle
    await self.original_router.handle(scope, receive, send)
  File "C:\Users\anilk\Desktop\AI Road\.venv\Lib\site-packages\fastapi\routing.py", line 2789, in handle
    await included_router._handle_selected(scope, receive, send)
  File "C:\Users\anilk\Desktop\AI Road\.venv\Lib\site-packages\fastapi\routing.py", line 1800, in _handle_selected
    await original_route.handle(scope, receive, send)
  File "C:\Users\anilk\Desktop\AI Road\.venv\Lib\site-packages\fastapi\routing.py", line 1279, in handle
    await app(scope, receive, send)
  File "C:\Users\anilk\Desktop\AI Road\.venv\Lib\site-packages\fastapi\routing.py", line 158, in app
    await wrap_app_handling_exceptions(app, request)(scope, receive, send)
  File "C:\Users\anilk\Desktop\AI Road\.venv\Lib\site-packages\starlette\_exception_handler.py", line 53, in wrapped_app
    raise exc
  File "C:\Users\anilk\Desktop\AI Road\.venv\Lib\site-packages\starlette\_exception_handler.py", line 42, in wrapped_app
    await app(scope, receive, sender)
  File "C:\Users\anilk\Desktop\AI Road\.venv\Lib\site-packages\fastapi\routing.py", line 144, in app
    response = await f(request)
               ^^^^^^^^^^^^^^^^
  File "C:\Users\anilk\Desktop\AI Road\.venv\Lib\site-packages\fastapi\routing.py", line 706, in app
    raw_response = await run_endpoint_function(
                   ^^^^^^^^^^^^^^^^^^^^^^^^^^^^
    ...<3 lines>...
    )
    ^
  File "C:\Users\anilk\Desktop\AI Road\.venv\Lib\site-packages\fastapi\routing.py", line 352, in run_endpoint_function
    return await dependant.call(**values)
           ^^^^^^^^^^^^^^^^^^^^^^^^^^^^^^
  File "C:\Users\anilk\Desktop\AI Road\backend\app\api\reports.py", line 393, in list_reports
    reports = crud.get_reports(db)
  File "C:\Users\anilk\Desktop\AI Road\backend\app\crud.py", line 136, in get_reports
    return db.query(models.Report).order_by(models.Report.created_at.desc()).all()
           ~~~~~~~~~~~~~~~~~~~~~~~~~~~~~~~~~~~~~~~~~~~~~~~~~~~~~~~~~~~~~~~~~~~~~^^
  File "C:\Users\anilk\Desktop\AI Road\.venv\Lib\site-packages\sqlalchemy\orm\query.py", line 2711, in all
    return self._iter().all()  # type: ignore
           ~~~~~~~~~~^^
  File "C:\Users\anilk\Desktop\AI Road\.venv\Lib\site-packages\sqlalchemy\orm\query.py", line 2864, in _iter
    result: Union[ScalarResult[_T], Result[_T]] = self.session.execute(
                                                  ~~~~~~~~~~~~~~~~~~~~^
        statement,
        ^^^^^^^^^^
        params,
        ^^^^^^^
        execution_options={"_sa_orm_load_options": self.load_options},
        ^^^^^^^^^^^^^^^^^^^^^^^^^^^^^^^^^^^^^^^^^^^^^^^^^^^^^^^^^^^^^^
    )
    ^
  File "C:\Users\anilk\Desktop\AI Road\.venv\Lib\site-packages\sqlalchemy\orm\session.py", line 2373, in execute
    return self._execute_internal(
           ~~~~~~~~~~~~~~~~~~~~~~^
        statement,
        ^^^^^^^^^^
    ...<4 lines>...
        _add_event=_add_event,
        ^^^^^^^^^^^^^^^^^^^^^^
    )
    ^
  File "C:\Users\anilk\Desktop\AI Road\.venv\Lib\site-packages\sqlalchemy\orm\session.py", line 2271, in _execute_internal
    result: Result[Any] = compile_state_cls.orm_execute_statement(
                          ~~~~~~~~~~~~~~~~~~~~~~~~~~~~~~~~~~~~~~~^
        self,
        ^^^^^
    ...<4 lines>...
        conn,
        ^^^^^
    )
    ^
  File "C:\Users\anilk\Desktop\AI Road\.venv\Lib\site-packages\sqlalchemy\orm\context.py", line 306, in orm_execute_statement
    result = conn.execute(
        statement, params or {}, execution_options=execution_options
    )
  File "C:\Users\anilk\Desktop\AI Road\.venv\Lib\site-packages\sqlalchemy\engine\base.py", line 1421, in execute
    return meth(
        self,
        distilled_parameters,
        execution_options or NO_OPTIONS,
    )
  File "C:\Users\anilk\Desktop\AI Road\.venv\Lib\site-packages\sqlalchemy\sql\elements.py", line 526, in _execute_on_connection
    return connection._execute_clauseelement(
           ~~~~~~~~~~~~~~~~~~~~~~~~~~~~~~~~~^
        self, distilled_params, execution_options
        ^^^^^^^^^^^^^^^^^^^^^^^^^^^^^^^^^^^^^^^^^
    )
    ^
  File "C:\Users\anilk\Desktop\AI Road\.venv\Lib\site-packages\sqlalchemy\engine\base.py", line 1643, in _execute_clauseelement
    ret = self._execute_context(
        dialect,
    ...<8 lines>...
        cache_hit=cache_hit,
    )
  File "C:\Users\anilk\Desktop\AI Road\.venv\Lib\site-packages\sqlalchemy\engine\base.py", line 1848, in _execute_context
    return self._exec_single_context(
           ~~~~~~~~~~~~~~~~~~~~~~~~~^
        dialect, context, statement, parameters
        ^^^^^^^^^^^^^^^^^^^^^^^^^^^^^^^^^^^^^^^
    )
    ^
  File "C:\Users\anilk\Desktop\AI Road\.venv\Lib\site-packages\sqlalchemy\engine\base.py", line 1988, in _exec_single_context
    self._handle_dbapi_exception(
    ~~~~~~~~~~~~~~~~~~~~~~~~~~~~^
        e, str_statement, effective_parameters, cursor, context
        ^^^^^^^^^^^^^^^^^^^^^^^^^^^^^^^^^^^^^^^^^^^^^^^^^^^^^^^
    )
    ^
  File "C:\Users\anilk\Desktop\AI Road\.venv\Lib\site-packages\sqlalchemy\engine\base.py", line 2365, in _handle_dbapi_exception
    raise sqlalchemy_exception.with_traceback(exc_info[2]) from e
  File "C:\Users\anilk\Desktop\AI Road\.venv\Lib\site-packages\sqlalchemy\engine\base.py", line 1969, in _exec_single_context
    self.dialect.do_execute(
    ~~~~~~~~~~~~~~~~~~~~~~~^
        cursor, str_statement, effective_parameters, context
        ^^^^^^^^^^^^^^^^^^^^^^^^^^^^^^^^^^^^^^^^^^^^^^^^^^^^
    )
    ^
  File "C:\Users\anilk\Desktop\AI Road\.venv\Lib\site-packages\sqlalchemy\engine\default.py", line 952, in do_execute
    cursor.execute(statement, parameters)
    ~~~~~~~~~~~~~~^^^^^^^^^^^^^^^^^^^^^^^
sqlalchemy.exc.OperationalError: (sqlite3.OperationalError) no such column: reports.road_name
[SQL: SELECT reports.id AS reports_id, reports.user_id AS reports_user_id, reports.road_id AS reports_road_id, reports.title AS reports_title, reports.description AS reports_description, reports.road_name AS reports_road_name, reports.latitude AS reports_latitude, reports.longitude AS reports_longitude, reports.city AS reports_city, reports.district AS reports_district, reports.state AS reports_state, reports.pincode AS reports_pincode, reports.weather AS reports_weather, reports.weather_conditions AS reports_weather_conditions, reports.device_info AS reports_device_info, reports.vehicle_speed AS reports_vehicle_speed, reports.direction AS reports_direction, reports.reported_at AS reports_reported_at, reports.report_source AS reports_report_source, reports.analysis_source AS reports_analysis_source, reports.satellite_verified AS reports_satellite_verified, reports.damage_type AS reports_damage_type, reports.severity AS reports_severity, reports.status AS reports_status, reports.repair_priority AS reports_repair_priority, reports.damage_count AS reports_damage_count, reports.pothole_count AS reports_pothole_count, reports.average_pothole_size AS reports_average_pothole_size, reports.crack_length AS reports_crack_length, reports.damage_area AS reports_damage_area, reports.damage_length AS reports_damage_length, reports.damage_width AS reports_damage_width, reports.damage_depth AS reports_damage_depth, reports.damage_percentage AS reports_damage_percentage, reports.road_health_index AS reports_road_health_index, reports.predicted_failure_risk AS reports_predicted_failure_risk, reports.repair_difficulty AS reports_repair_difficulty, reports.estimated_repair_cost AS reports_estimated_repair_cost, reports.estimated_duration AS reports_estimated_duration, reports.expected_completion_date AS reports_expected_completion_date, reports.assigned_engineer AS reports_assigned_engineer, reports.assigned_contractor AS reports_assigned_contractor, reports.contractor_assignment AS reports_contractor_assignment, reports.engineer_verified AS reports_engineer_verified, reports.budget_utilization AS reports_budget_utilization, reports.material_estimates AS reports_material_estimates, reports.cost_breakdown AS reports_cost_breakdown, reports.audit_log AS reports_audit_log, reports.files AS reports_files, reports.predictions AS reports_predictions, reports.created_at AS reports_created_at, reports.last_updated AS reports_last_updated, reports.workflow_status AS reports_workflow_status, reports.accepted_deadline AS reports_accepted_deadline, reports.notification_sent_at AS reports_notification_sent_at, reports.contractor_response_deadline AS reports_contractor_response_deadline 
FROM reports ORDER BY reports.created_at DESC]
(Background on this error at: https://sqlalche.me/e/20/e3q8)
ERROR:    Exception in ASGI application
Traceback (most recent call last):
  File "C:\Users\anilk\Desktop\AI Road\.venv\Lib\site-packages\sqlalchemy\engine\base.py", line 1969, in _exec_single_context
    self.dialect.do_execute(
    ~~~~~~~~~~~~~~~~~~~~~~~^
        cursor, str_statement, effective_parameters, context
        ^^^^^^^^^^^^^^^^^^^^^^^^^^^^^^^^^^^^^^^^^^^^^^^^^^^^
    )
    ^
  File "C:\Users\anilk\Desktop\AI Road\.venv\Lib\site-packages\sqlalchemy\engine\default.py", line 952, in do_execute
    cursor.execute(statement, parameters)
    ~~~~~~~~~~~~~~^^^^^^^^^^^^^^^^^^^^^^^
sqlite3.OperationalError: no such column: reports.road_name

The above exception was the direct cause of the following exception:

Traceback (most recent call last):
  File "C:\Users\anilk\Desktop\AI Road\.venv\Lib\site-packages\uvicorn\protocols\http\httptools_impl.py", line 422, in run_asgi
    result = await app(  # type: ignore[func-returns-value]
             ^^^^^^^^^^^^^^^^^^^^^^^^^^^^^^^^^^^^^^^^^^^^^^
        self.scope, self.receive, self.send
        ^^^^^^^^^^^^^^^^^^^^^^^^^^^^^^^^^^^
    )
    ^
  File "C:\Users\anilk\Desktop\AI Road\.venv\Lib\site-packages\uvicorn\middleware\proxy_headers.py", line 63, in __call__
    return await self.app(scope, receive, send)
           ^^^^^^^^^^^^^^^^^^^^^^^^^^^^^^^^^^^^
  File "C:\Users\anilk\Desktop\AI Road\.venv\Lib\site-packages\fastapi\applications.py", line 1163, in __call__
    await super().__call__(scope, receive, send)
  File "C:\Users\anilk\Desktop\AI Road\.venv\Lib\site-packages\starlette\applications.py", line 96, in __call__
    await self.middleware_stack(scope, receive, send)
  File "C:\Users\anilk\Desktop\AI Road\.venv\Lib\site-packages\starlette\middleware\errors.py", line 186, in __call__
    raise exc
  File "C:\Users\anilk\Desktop\AI Road\.venv\Lib\site-packages\starlette\middleware\errors.py", line 164, in __call__
    await self.app(scope, receive, _send)
  File "C:\Users\anilk\Desktop\AI Road\.venv\Lib\site-packages\starlette\middleware\cors.py", line 96, in __call__
    await self.simple_response(scope, receive, send, request_headers=headers)
  File "C:\Users\anilk\Desktop\AI Road\.venv\Lib\site-packages\starlette\middleware\cors.py", line 154, in simple_response
    await self.app(scope, receive, send)
  File "C:\Users\anilk\Desktop\AI Road\.venv\Lib\site-packages\starlette\middleware\exceptions.py", line 63, in __call__
    await wrap_app_handling_exceptions(self.app, conn)(scope, receive, send)
  File "C:\Users\anilk\Desktop\AI Road\.venv\Lib\site-packages\starlette\_exception_handler.py", line 53, in wrapped_app
    raise exc
  File "C:\Users\anilk\Desktop\AI Road\.venv\Lib\site-packages\starlette\_exception_handler.py", line 42, in wrapped_app
    await app(scope, receive, sender)
  File "C:\Users\anilk\Desktop\AI Road\.venv\Lib\site-packages\fastapi\middleware\asyncexitstack.py", line 18, in __call__
    await self.app(scope, receive, send)
  File "C:\Users\anilk\Desktop\AI Road\.venv\Lib\site-packages\starlette\routing.py", line 670, in __call__
    await self.middleware_stack(scope, receive, send)
  File "C:\Users\anilk\Desktop\AI Road\.venv\Lib\site-packages\fastapi\routing.py", line 2734, in app
    await route.handle(scope, receive, send)
  File "C:\Users\anilk\Desktop\AI Road\.venv\Lib\site-packages\fastapi\routing.py", line 1780, in handle
    await self.original_router.handle(scope, receive, send)
  File "C:\Users\anilk\Desktop\AI Road\.venv\Lib\site-packages\fastapi\routing.py", line 2789, in handle
    await included_router._handle_selected(scope, receive, send)
  File "C:\Users\anilk\Desktop\AI Road\.venv\Lib\site-packages\fastapi\routing.py", line 1800, in _handle_selected
    await original_route.handle(scope, receive, send)
  File "C:\Users\anilk\Desktop\AI Road\.venv\Lib\site-packages\fastapi\routing.py", line 1279, in handle
    await app(scope, receive, send)
  File "C:\Users\anilk\Desktop\AI Road\.venv\Lib\site-packages\fastapi\routing.py", line 158, in app
    await wrap_app_handling_exceptions(app, request)(scope, receive, send)
  File "C:\Users\anilk\Desktop\AI Road\.venv\Lib\site-packages\starlette\_exception_handler.py", line 53, in wrapped_app
    raise exc
  File "C:\Users\anilk\Desktop\AI Road\.venv\Lib\site-packages\starlette\_exception_handler.py", line 42, in wrapped_app
    await app(scope, receive, sender)
  File "C:\Users\anilk\Desktop\AI Road\.venv\Lib\site-packages\fastapi\routing.py", line 144, in app
    response = await f(request)
               ^^^^^^^^^^^^^^^^
  File "C:\Users\anilk\Desktop\AI Road\.venv\Lib\site-packages\fastapi\routing.py", line 706, in app
    raw_response = await run_endpoint_function(
                   ^^^^^^^^^^^^^^^^^^^^^^^^^^^^
    ...<3 lines>...
    )
    ^
  File "C:\Users\anilk\Desktop\AI Road\.venv\Lib\site-packages\fastapi\routing.py", line 352, in run_endpoint_function
    return await dependant.call(**values)
           ^^^^^^^^^^^^^^^^^^^^^^^^^^^^^^
  File "C:\Users\anilk\Desktop\AI Road\backend\app\api\reports.py", line 393, in list_reports
    reports = crud.get_reports(db)
  File "C:\Users\anilk\Desktop\AI Road\backend\app\crud.py", line 136, in get_reports
    return db.query(models.Report).order_by(models.Report.created_at.desc()).all()
           ~~~~~~~~~~~~~~~~~~~~~~~~~~~~~~~~~~~~~~~~~~~~~~~~~~~~~~~~~~~~~~~~~~~~~^^
  File "C:\Users\anilk\Desktop\AI Road\.venv\Lib\site-packages\sqlalchemy\orm\query.py", line 2711, in all
    return self._iter().all()  # type: ignore
           ~~~~~~~~~~^^
  File "C:\Users\anilk\Desktop\AI Road\.venv\Lib\site-packages\sqlalchemy\orm\query.py", line 2864, in _iter
    result: Union[ScalarResult[_T], Result[_T]] = self.session.execute(
                                                  ~~~~~~~~~~~~~~~~~~~~^
        statement,
        ^^^^^^^^^^
        params,
        ^^^^^^^
        execution_options={"_sa_orm_load_options": self.load_options},
        ^^^^^^^^^^^^^^^^^^^^^^^^^^^^^^^^^^^^^^^^^^^^^^^^^^^^^^^^^^^^^^
    )
    ^
  File "C:\Users\anilk\Desktop\AI Road\.venv\Lib\site-packages\sqlalchemy\orm\session.py", line 2373, in execute
    return self._execute_internal(
           ~~~~~~~~~~~~~~~~~~~~~~^
        statement,
        ^^^^^^^^^^
    ...<4 lines>...
        _add_event=_add_event,
        ^^^^^^^^^^^^^^^^^^^^^^
    )
    ^
  File "C:\Users\anilk\Desktop\AI Road\.venv\Lib\site-packages\sqlalchemy\orm\session.py", line 2271, in _execute_internal
    result: Result[Any] = compile_state_cls.orm_execute_statement(
                          ~~~~~~~~~~~~~~~~~~~~~~~~~~~~~~~~~~~~~~~^
        self,
        ^^^^^
    ...<4 lines>...
        conn,
        ^^^^^
    )
    ^
  File "C:\Users\anilk\Desktop\AI Road\.venv\Lib\site-packages\sqlalchemy\orm\context.py", line 306, in orm_execute_statement
    result = conn.execute(
        statement, params or {}, execution_options=execution_options
    )
  File "C:\Users\anilk\Desktop\AI Road\.venv\Lib\site-packages\sqlalchemy\engine\base.py", line 1421, in execute
    return meth(
        self,
        distilled_parameters,
        execution_options or NO_OPTIONS,
    )
  File "C:\Users\anilk\Desktop\AI Road\.venv\Lib\site-packages\sqlalchemy\sql\elements.py", line 526, in _execute_on_connection
    return connection._execute_clauseelement(
           ~~~~~~~~~~~~~~~~~~~~~~~~~~~~~~~~~^
        self, distilled_params, execution_options
        ^^^^^^^^^^^^^^^^^^^^^^^^^^^^^^^^^^^^^^^^^
    )
    ^
  File "C:\Users\anilk\Desktop\AI Road\.venv\Lib\site-packages\sqlalchemy\engine\base.py", line 1643, in _execute_clauseelement
    ret = self._execute_context(
        dialect,
    ...<8 lines>...
        cache_hit=cache_hit,
    )
  File "C:\Users\anilk\Desktop\AI Road\.venv\Lib\site-packages\sqlalchemy\engine\base.py", line 1848, in _execute_context
    return self._exec_single_context(
           ~~~~~~~~~~~~~~~~~~~~~~~~~^
        dialect, context, statement, parameters
        ^^^^^^^^^^^^^^^^^^^^^^^^^^^^^^^^^^^^^^^
    )
    ^
  File "C:\Users\anilk\Desktop\AI Road\.venv\Lib\site-packages\sqlalchemy\engine\base.py", line 1988, in _exec_single_context
    self._handle_dbapi_exception(
    ~~~~~~~~~~~~~~~~~~~~~~~~~~~~^
        e, str_statement, effective_parameters, cursor, context
        ^^^^^^^^^^^^^^^^^^^^^^^^^^^^^^^^^^^^^^^^^^^^^^^^^^^^^^^
    )
    ^
  File "C:\Users\anilk\Desktop\AI Road\.venv\Lib\site-packages\sqlalchemy\engine\base.py", line 2365, in _handle_dbapi_exception
    raise sqlalchemy_exception.with_traceback(exc_info[2]) from e
  File "C:\Users\anilk\Desktop\AI Road\.venv\Lib\site-packages\sqlalchemy\engine\base.py", line 1969, in _exec_single_context
    self.dialect.do_execute(
    ~~~~~~~~~~~~~~~~~~~~~~~^
        cursor, str_statement, effective_parameters, context
        ^^^^^^^^^^^^^^^^^^^^^^^^^^^^^^^^^^^^^^^^^^^^^^^^^^^^
    )
    ^
  File "C:\Users\anilk\Desktop\AI Road\.venv\Lib\site-packages\sqlalchemy\engine\default.py", line 952, in do_execute
    cursor.execute(statement, parameters)
    ~~~~~~~~~~~~~~^^^^^^^^^^^^^^^^^^^^^^^
sqlalchemy.exc.OperationalError: (sqlite3.OperationalError) no such column: reports.road_name
[SQL: SELECT reports.id AS reports_id, reports.user_id AS reports_user_id, reports.road_id AS reports_road_id, reports.title AS reports_title, reports.description AS reports_description, reports.road_name AS reports_road_name, reports.latitude AS reports_latitude, reports.longitude AS reports_longitude, reports.city AS reports_city, reports.district AS reports_district, reports.state AS reports_state, reports.pincode AS reports_pincode, reports.weather AS reports_weather, reports.weather_conditions AS reports_weather_conditions, reports.device_info AS reports_device_info, reports.vehicle_speed AS reports_vehicle_speed, reports.direction AS reports_direction, reports.reported_at AS reports_reported_at, reports.report_source AS reports_report_source, reports.analysis_source AS reports_analysis_source, reports.satellite_verified AS reports_satellite_verified, reports.damage_type AS reports_damage_type, reports.severity AS reports_severity, reports.status AS reports_status, reports.repair_priority AS reports_repair_priority, reports.damage_count AS reports_damage_count, reports.pothole_count AS reports_pothole_count, reports.average_pothole_size AS reports_average_pothole_size, reports.crack_length AS reports_crack_length, reports.damage_area AS reports_damage_area, reports.damage_length AS reports_damage_length, reports.damage_width AS reports_damage_width, reports.damage_depth AS reports_damage_depth, reports.damage_percentage AS reports_damage_percentage, reports.road_health_index AS reports_road_health_index, reports.predicted_failure_risk AS reports_predicted_failure_risk, reports.repair_difficulty AS reports_repair_difficulty, reports.estimated_repair_cost AS reports_estimated_repair_cost, reports.estimated_duration AS reports_estimated_duration, reports.expected_completion_date AS reports_expected_completion_date, reports.assigned_engineer AS reports_assigned_engineer, reports.assigned_contractor AS reports_assigned_contractor, reports.contractor_assignment AS reports_contractor_assignment, reports.engineer_verified AS reports_engineer_verified, reports.budget_utilization AS reports_budget_utilization, reports.material_estimates AS reports_material_estimates, reports.cost_breakdown AS reports_cost_breakdown, reports.audit_log AS reports_audit_log, reports.files AS reports_files, reports.predictions AS reports_predictions, reports.created_at AS reports_created_at, reports.last_updated AS reports_last_updated, reports.workflow_status AS reports_workflow_status, reports.accepted_deadline AS reports_accepted_deadline, reports.notification_sent_at AS reports_notification_sent_at, reports.contractor_response_deadline AS reports_contractor_response_deadline 
FROM reports ORDER BY reports.created_at DESC]
(Background on this error at: https://sqlalche.me/e/20/e3q8)
ERROR:    Exception in ASGI application
Traceback (most recent call last):
  File "C:\Users\anilk\Desktop\AI Road\.venv\Lib\site-packages\sqlalchemy\engine\base.py", line 1969, in _exec_single_context
    self.dialect.do_execute(
    ~~~~~~~~~~~~~~~~~~~~~~~^
        cursor, str_statement, effective_parameters, context
        ^^^^^^^^^^^^^^^^^^^^^^^^^^^^^^^^^^^^^^^^^^^^^^^^^^^^
    )
    ^
  File "C:\Users\anilk\Desktop\AI Road\.venv\Lib\site-packages\sqlalchemy\engine\default.py", line 952, in do_execute
    cursor.execute(statement, parameters)
    ~~~~~~~~~~~~~~^^^^^^^^^^^^^^^^^^^^^^^
sqlite3.OperationalError: no such column: reports.road_name

The above exception was the direct cause of the following exception:

Traceback (most recent call last):
  File "C:\Users\anilk\Desktop\AI Road\.venv\Lib\site-packages\uvicorn\protocols\http\httptools_impl.py", line 422, in run_asgi
    result = await app(  # type: ignore[func-returns-value]
             ^^^^^^^^^^^^^^^^^^^^^^^^^^^^^^^^^^^^^^^^^^^^^^
        self.scope, self.receive, self.send
        ^^^^^^^^^^^^^^^^^^^^^^^^^^^^^^^^^^^
    )
    ^
  File "C:\Users\anilk\Desktop\AI Road\.venv\Lib\site-packages\uvicorn\middleware\proxy_headers.py", line 63, in __call__
    return await self.app(scope, receive, send)
           ^^^^^^^^^^^^^^^^^^^^^^^^^^^^^^^^^^^^
  File "C:\Users\anilk\Desktop\AI Road\.venv\Lib\site-packages\fastapi\applications.py", line 1163, in __call__
    await super().__call__(scope, receive, send)
  File "C:\Users\anilk\Desktop\AI Road\.venv\Lib\site-packages\starlette\applications.py", line 96, in __call__
    await self.middleware_stack(scope, receive, send)
  File "C:\Users\anilk\Desktop\AI Road\.venv\Lib\site-packages\starlette\middleware\errors.py", line 186, in __call__
    raise exc
  File "C:\Users\anilk\Desktop\AI Road\.venv\Lib\site-packages\starlette\middleware\errors.py", line 164, in __call__
    await self.app(scope, receive, _send)
  File "C:\Users\anilk\Desktop\AI Road\.venv\Lib\site-packages\starlette\middleware\cors.py", line 96, in __call__
    await self.simple_response(scope, receive, send, request_headers=headers)
  File "C:\Users\anilk\Desktop\AI Road\.venv\Lib\site-packages\starlette\middleware\cors.py", line 154, in simple_response
    await self.app(scope, receive, send)
  File "C:\Users\anilk\Desktop\AI Road\.venv\Lib\site-packages\starlette\middleware\exceptions.py", line 63, in __call__
    await wrap_app_handling_exceptions(self.app, conn)(scope, receive, send)
  File "C:\Users\anilk\Desktop\AI Road\.venv\Lib\site-packages\starlette\_exception_handler.py", line 53, in wrapped_app
    raise exc
  File "C:\Users\anilk\Desktop\AI Road\.venv\Lib\site-packages\starlette\_exception_handler.py", line 42, in wrapped_app
    await app(scope, receive, sender)
  File "C:\Users\anilk\Desktop\AI Road\.venv\Lib\site-packages\fastapi\middleware\asyncexitstack.py", line 18, in __call__
    await self.app(scope, receive, send)
  File "C:\Users\anilk\Desktop\AI Road\.venv\Lib\site-packages\starlette\routing.py", line 670, in __call__
    await self.middleware_stack(scope, receive, send)
  File "C:\Users\anilk\Desktop\AI Road\.venv\Lib\site-packages\fastapi\routing.py", line 2734, in app
    await route.handle(scope, receive, send)
  File "C:\Users\anilk\Desktop\AI Road\.venv\Lib\site-packages\fastapi\routing.py", line 1780, in handle
    await self.original_router.handle(scope, receive, send)
  File "C:\Users\anilk\Desktop\AI Road\.venv\Lib\site-packages\fastapi\routing.py", line 2789, in handle
    await included_router._handle_selected(scope, receive, send)
  File "C:\Users\anilk\Desktop\AI Road\.venv\Lib\site-packages\fastapi\routing.py", line 1800, in _handle_selected
    await original_route.handle(scope, receive, send)
  File "C:\Users\anilk\Desktop\AI Road\.venv\Lib\site-packages\fastapi\routing.py", line 1279, in handle
    await app(scope, receive, send)
  File "C:\Users\anilk\Desktop\AI Road\.venv\Lib\site-packages\fastapi\routing.py", line 158, in app
    await wrap_app_handling_exceptions(app, request)(scope, receive, send)
  File "C:\Users\anilk\Desktop\AI Road\.venv\Lib\site-packages\starlette\_exception_handler.py", line 53, in wrapped_app
    raise exc
  File "C:\Users\anilk\Desktop\AI Road\.venv\Lib\site-packages\starlette\_exception_handler.py", line 42, in wrapped_app
    await app(scope, receive, sender)
  File "C:\Users\anilk\Desktop\AI Road\.venv\Lib\site-packages\fastapi\routing.py", line 144, in app
    response = await f(request)
               ^^^^^^^^^^^^^^^^
  File "C:\Users\anilk\Desktop\AI Road\.venv\Lib\site-packages\fastapi\routing.py", line 706, in app
    raw_response = await run_endpoint_function(
                   ^^^^^^^^^^^^^^^^^^^^^^^^^^^^
    ...<3 lines>...
    )
    ^
  File "C:\Users\anilk\Desktop\AI Road\.venv\Lib\site-packages\fastapi\routing.py", line 352, in run_endpoint_function
    return await dependant.call(**values)
           ^^^^^^^^^^^^^^^^^^^^^^^^^^^^^^
  File "C:\Users\anilk\Desktop\AI Road\backend\app\api\reports.py", line 393, in list_reports
    reports = crud.get_reports(db)
  File "C:\Users\anilk\Desktop\AI Road\backend\app\crud.py", line 136, in get_reports
    return db.query(models.Report).order_by(models.Report.created_at.desc()).all()
           ~~~~~~~~~~~~~~~~~~~~~~~~~~~~~~~~~~~~~~~~~~~~~~~~~~~~~~~~~~~~~~~~~~~~~^^
  File "C:\Users\anilk\Desktop\AI Road\.venv\Lib\site-packages\sqlalchemy\orm\query.py", line 2711, in all
    return self._iter().all()  # type: ignore
           ~~~~~~~~~~^^
  File "C:\Users\anilk\Desktop\AI Road\.venv\Lib\site-packages\sqlalchemy\orm\query.py", line 2864, in _iter
    result: Union[ScalarResult[_T], Result[_T]] = self.session.execute(
                                                  ~~~~~~~~~~~~~~~~~~~~^
        statement,
        ^^^^^^^^^^
        params,
        ^^^^^^^
        execution_options={"_sa_orm_load_options": self.load_options},
        ^^^^^^^^^^^^^^^^^^^^^^^^^^^^^^^^^^^^^^^^^^^^^^^^^^^^^^^^^^^^^^
    )
    ^
  File "C:\Users\anilk\Desktop\AI Road\.venv\Lib\site-packages\sqlalchemy\orm\session.py", line 2373, in execute
    return self._execute_internal(
           ~~~~~~~~~~~~~~~~~~~~~~^
        statement,
        ^^^^^^^^^^
    ...<4 lines>...
        _add_event=_add_event,
        ^^^^^^^^^^^^^^^^^^^^^^
    )
    ^
  File "C:\Users\anilk\Desktop\AI Road\.venv\Lib\site-packages\sqlalchemy\orm\session.py", line 2271, in _execute_internal
    result: Result[Any] = compile_state_cls.orm_execute_statement(
                          ~~~~~~~~~~~~~~~~~~~~~~~~~~~~~~~~~~~~~~~^
        self,
        ^^^^^
    ...<4 lines>...
        conn,
        ^^^^^
    )
    ^
  File "C:\Users\anilk\Desktop\AI Road\.venv\Lib\site-packages\sqlalchemy\orm\context.py", line 306, in orm_execute_statement
    result = conn.execute(
        statement, params or {}, execution_options=execution_options
    )
  File "C:\Users\anilk\Desktop\AI Road\.venv\Lib\site-packages\sqlalchemy\engine\base.py", line 1421, in execute
    return meth(
        self,
        distilled_parameters,
        execution_options or NO_OPTIONS,
    )
  File "C:\Users\anilk\Desktop\AI Road\.venv\Lib\site-packages\sqlalchemy\sql\elements.py", line 526, in _execute_on_connection
    return connection._execute_clauseelement(
           ~~~~~~~~~~~~~~~~~~~~~~~~~~~~~~~~~^
        self, distilled_params, execution_options
        ^^^^^^^^^^^^^^^^^^^^^^^^^^^^^^^^^^^^^^^^^
    )
    ^
  File "C:\Users\anilk\Desktop\AI Road\.venv\Lib\site-packages\sqlalchemy\engine\base.py", line 1643, in _execute_clauseelement
    ret = self._execute_context(
        dialect,
    ...<8 lines>...
        cache_hit=cache_hit,
    )
  File "C:\Users\anilk\Desktop\AI Road\.venv\Lib\site-packages\sqlalchemy\engine\base.py", line 1848, in _execute_context
    return self._exec_single_context(
           ~~~~~~~~~~~~~~~~~~~~~~~~~^
        dialect, context, statement, parameters
        ^^^^^^^^^^^^^^^^^^^^^^^^^^^^^^^^^^^^^^^
    )
    ^
  File "C:\Users\anilk\Desktop\AI Road\.venv\Lib\site-packages\sqlalchemy\engine\base.py", line 1988, in _exec_single_context
    self._handle_dbapi_exception(
    ~~~~~~~~~~~~~~~~~~~~~~~~~~~~^
        e, str_statement, effective_parameters, cursor, context
        ^^^^^^^^^^^^^^^^^^^^^^^^^^^^^^^^^^^^^^^^^^^^^^^^^^^^^^^
    )
    ^
  File "C:\Users\anilk\Desktop\AI Road\.venv\Lib\site-packages\sqlalchemy\engine\base.py", line 2365, in _handle_dbapi_exception
    raise sqlalchemy_exception.with_traceback(exc_info[2]) from e
  File "C:\Users\anilk\Desktop\AI Road\.venv\Lib\site-packages\sqlalchemy\engine\base.py", line 1969, in _exec_single_context
    self.dialect.do_execute(
    ~~~~~~~~~~~~~~~~~~~~~~~^
        cursor, str_statement, effective_parameters, context
        ^^^^^^^^^^^^^^^^^^^^^^^^^^^^^^^^^^^^^^^^^^^^^^^^^^^^
    )
    ^
  File "C:\Users\anilk\Desktop\AI Road\.venv\Lib\site-packages\sqlalchemy\engine\default.py", line 952, in do_execute
    cursor.execute(statement, parameters)
    ~~~~~~~~~~~~~~^^^^^^^^^^^^^^^^^^^^^^^
sqlalchemy.exc.OperationalError: (sqlite3.OperationalError) no such column: reports.road_name
[SQL: SELECT reports.id AS reports_id, reports.user_id AS reports_user_id, reports.road_id AS reports_road_id, reports.title AS reports_title, reports.description AS reports_description, reports.road_name AS reports_road_name, reports.latitude AS reports_latitude, reports.longitude AS reports_longitude, reports.city AS reports_city, reports.district AS reports_district, reports.state AS reports_state, reports.pincode AS reports_pincode, reports.weather AS reports_weather, reports.weather_conditions AS reports_weather_conditions, reports.device_info AS reports_device_info, reports.vehicle_speed AS reports_vehicle_speed, reports.direction AS reports_direction, reports.reported_at AS reports_reported_at, reports.report_source AS reports_report_source, reports.analysis_source AS reports_analysis_source, reports.satellite_verified AS reports_satellite_verified, reports.damage_type AS reports_damage_type, reports.severity AS reports_severity, reports.status AS reports_status, reports.repair_priority AS reports_repair_priority, reports.damage_count AS reports_damage_count, reports.pothole_count AS reports_pothole_count, reports.average_pothole_size AS reports_average_pothole_size, reports.crack_length AS reports_crack_length, reports.damage_area AS reports_damage_area, reports.damage_length AS reports_damage_length, reports.damage_width AS reports_damage_width, reports.damage_depth AS reports_damage_depth, reports.damage_percentage AS reports_damage_percentage, reports.road_health_index AS reports_road_health_index, reports.predicted_failure_risk AS reports_predicted_failure_risk, reports.repair_difficulty AS reports_repair_difficulty, reports.estimated_repair_cost AS reports_estimated_repair_cost, reports.estimated_duration AS reports_estimated_duration, reports.expected_completion_date AS reports_expected_completion_date, reports.assigned_engineer AS reports_assigned_engineer, reports.assigned_contractor AS reports_assigned_contractor, reports.contractor_assignment AS reports_contractor_assignment, reports.engineer_verified AS reports_engineer_verified, reports.budget_utilization AS reports_budget_utilization, reports.material_estimates AS reports_material_estimates, reports.cost_breakdown AS reports_cost_breakdown, reports.audit_log AS reports_audit_log, reports.files AS reports_files, reports.predictions AS reports_predictions, reports.created_at AS reports_created_at, reports.last_updated AS reports_last_updated, reports.workflow_status AS reports_workflow_status, reports.accepted_deadline AS reports_accepted_deadline, reports.notification_sent_at AS reports_notification_sent_at, reports.contractor_response_deadline AS reports_contractor_response_deadline 
FROM reports ORDER BY reports.created_at DESC]
(Background on this error at: https://sqlalche.me/e/20/e3q8)
